Description,1000,,,,,,,,,,
Employee Number,Social Security Number,Last Name,First Name,Middle Name,Address 1,Address 2 (Suite),Home City,Home State,Zip Code,Home Country,Employee Group Element
Übermensch1,,Nietzsche1,Friedrich1,,37 Street,25 Suite,Falls Church,VA,90210,US,Test1
Übermensch2,,Nietzsche2,Friedrich2,,37 Street,25 Suite,Falls Church,VA,90210,US,Test2
Übermensch3,,Nietzsche3,Friedrich3,,37 Street,25 Suite,Falls Church,VA,90210,US,Test3
Übermensch4,,Nietzsche4,Friedrich4,,37 Street,25 Suite,Falls Church,VA,90210,US,Test1
Übermensch5,,Nietzsche5,Friedrich5,,37 Street,25 Suite,Falls Church,VA,90210,US,Test2
Übermensch6,,Nietzsche6,Friedrich6,,37 Street,25 Suite,Falls Church,VA,90210,US,Test3
Übermensch7,,Nietzsche7,Friedrich7,,37 Street,25 Suite,Falls Church,VA,90210,US,Test1
Übermensch8,,Nietzsche8,Friedrich8,,37 Street,25 Suite,Falls Church,VA,90210,US,Test2
Übermensch9,,Nietzsche9,Friedrich9,,37 Street,25 Suite,Falls Church,VA,90210,US,Test3
Übermensch10,,Nietzsche10,Friedrich10,,37 Street,25 Suite,Falls Church,VA,90210,US,Test1
Übermensch11,,Nietzsche11,Friedrich11,,37 Street,25 Suite,Falls Church,VA,90210,US,Test2
Übermensch12,,Nietzsche12,Friedrich12,,37 Street,25 Suite,Falls Church,VA,90210,US,Test3
Übermensch13,,Nietzsche13,Friedrich13,,37 Street,25 Suite,Falls Church,VA,90210,US,Test1
Übermensch14,,Nietzsche14,Friedrich14,,37 Street,25 Suite,Falls Church,VA,90210,US,Test2
Übermensch15,,Nietzsche15,Friedrich15,,37 Street,25 Suite,Falls Church,VA,90210,US,Test3
Übermensch16,,Nietzsche16,Friedrich16,,37 Street,25 Suite,Falls Church,VA,90210,US,Test1
Übermensch17,,Nietzsche17,Friedrich17,,37 Street,25 Suite,Falls Church,VA,90210,US,Test2
Übermensch18,,Nietzsche18,Friedrich18,,37 Street,25 Suite,Falls Church,VA,90210,US,Test3
Übermensch19,,Nietzsche19,Friedrich19,,37 Street,25 Suite,Falls Church,VA,90210,US,Test1
Übermensch20,,Nietzsche20,Friedrich20,,37 Street,25 Suite,Falls Church,VA,90210,US,Test2
Übermensch21,,Nietzsche21,Friedrich21,,38 Street,26 Suite,Falls Church,VA,90210,US,Test3
Übermensch22,,Nietzsche22,Friedrich22,,38 Street,26 Suite,Falls Church,VA,90210,US,Test1
Übermensch23,,Nietzsche23,Friedrich23,,38 Street,26 Suite,Falls Church,VA,90210,US,Test2
Übermensch24,,Nietzsche24,Friedrich24,,38 Street,26 Suite,Falls Church,VA,90210,US,Test3
Übermensch25,,Nietzsche25,Friedrich25,,38 Street,26 Suite,Falls Church,VA,90210,US,Test1
Übermensch26,,Nietzsche26,Friedrich26,,38 Street,26 Suite,Falls Church,VA,90210,US,Test2
Übermensch27,,Nietzsche27,Friedrich27,,38 Street,26 Suite,Falls Church,VA,90210,US,Test3
Übermensch28,,Nietzsche28,Friedrich28,,38 Street,26 Suite,Falls Church,VA,90210,US,Test1
Übermensch29,,Nietzsche29,Friedrich29,,38 Street,26 Suite,Falls Church,VA,90210,US,Test2
Übermensch30,,Nietzsche30,Friedrich30,,38 Street,26 Suite,Falls Church,VA,90210,US,Test3
Übermensch31,,Nietzsche31,Friedrich31,,38 Street,26 Suite,Falls Church,VA,90210,US,Test1
Übermensch32,,Nietzsche32,Friedrich32,,38 Street,26 Suite,Falls Church,VA,90210,US,Test2
Übermensch33,,Nietzsche33,Friedrich33,,38 Street,26 Suite,Falls Church,VA,90210,US,Test3
Übermensch34,,Nietzsche34,Friedrich34,,38 Street,26 Suite,Falls Church,VA,90210,US,Test1
Übermensch35,,Nietzsche35,Friedrich35,,38 Street,26 Suite,Falls Church,VA,90210,US,Test2
Übermensch36,,Nietzsche36,Friedrich36,,38 Street,26 Suite,Falls Church,VA,90210,US,Test3
Übermensch37,,Nietzsche37,Friedrich37,,38 Street,26 Suite,Falls Church,VA,90210,US,Test1
Übermensch38,,Nietzsche38,Friedrich38,,38 Street,26 Suite,Falls Church,VA,90210,US,Test2
Übermensch39,,Nietzsche39,Friedrich39,,38 Street,26 Suite,Falls Church,VA,90210,US,Test3
Übermensch40,,Nietzsche40,Friedrich40,,38 Street,26 Suite,Falls Church,VA,90210,US,Test1
Übermensch41,,Nietzsche41,Friedrich41,,38 Street,26 Suite,Falls Church,VA,90210,US,Test2
Übermensch42,,Nietzsche42,Friedrich42,,38 Street,26 Suite,Falls Church,VA,90210,US,Test3
Übermensch43,,Nietzsche43,Friedrich43,,38 Street,26 Suite,Falls Church,VA,90210,US,Test1
Übermensch44,,Nietzsche44,Friedrich44,,38 Street,26 Suite,Falls Church,VA,90210,US,Test2
Übermensch45,,Nietzsche45,Friedrich45,,38 Street,26 Suite,Falls Church,VA,90210,US,Test3
Übermensch46,,Nietzsche46,Friedrich46,,38 Street,26 Suite,Falls Church,VA,90210,US,Test1
Übermensch47,,Nietzsche47,Friedrich47,,38 Street,26 Suite,Falls Church,VA,90210,US,Test2
Übermensch48,,Nietzsche48,Friedrich48,,38 Street,26 Suite,Falls Church,VA,90210,US,Test3
Übermensch49,,Nietzsche49,Friedrich49,,38 Street,26 Suite,Falls Church,VA,90210,US,Test1
Übermensch50,,Nietzsche50,Friedrich50,,39 Street,27 Suite,Falls Church,VA,90210,US,Test2
Übermensch51,,Nietzsche51,Friedrich51,,39 Street,27 Suite,Falls Church,VA,90210,US,Test3
Übermensch52,,Nietzsche52,Friedrich52,,39 Street,27 Suite,Falls Church,VA,90210,US,Test1
Übermensch53,,Nietzsche53,Friedrich53,,39 Street,27 Suite,Falls Church,VA,90210,US,Test2
Übermensch54,,Nietzsche54,Friedrich54,,39 Street,27 Suite,Falls Church,VA,90210,US,Test3
Übermensch55,,Nietzsche55,Friedrich55,,39 Street,27 Suite,Falls Church,VA,90210,US,Test1
Übermensch56,,Nietzsche56,Friedrich56,,39 Street,27 Suite,Falls Church,VA,90210,US,Test2
Übermensch57,,Nietzsche57,Friedrich57,,39 Street,27 Suite,Falls Church,VA,90210,US,Test3
Übermensch58,,Nietzsche58,Friedrich58,,39 Street,27 Suite,Falls Church,VA,90210,US,Test1
Übermensch59,,Nietzsche59,Friedrich59,,39 Street,27 Suite,Falls Church,VA,90210,US,Test2
Übermensch60,,Nietzsche60,Friedrich60,,39 Street,27 Suite,Falls Church,VA,90210,US,Test3
Übermensch61,,Nietzsche61,Friedrich61,,39 Street,27 Suite,Falls Church,VA,90210,US,Test1
Übermensch62,,Nietzsche62,Friedrich62,,39 Street,27 Suite,Falls Church,VA,90210,US,Test2
Übermensch63,,Nietzsche63,Friedrich63,,39 Street,27 Suite,Falls Church,VA,90210,US,Test3
Übermensch64,,Nietzsche64,Friedrich64,,39 Street,27 Suite,Falls Church,VA,90210,US,Test1
Übermensch65,,Nietzsche65,Friedrich65,,39 Street,27 Suite,Falls Church,VA,90210,US,Test2
Übermensch66,,Nietzsche66,Friedrich66,,39 Street,27 Suite,Falls Church,VA,90210,US,Test3
Übermensch67,,Nietzsche67,Friedrich67,,39 Street,27 Suite,Falls Church,VA,90210,US,Test1
Übermensch68,,Nietzsche68,Friedrich68,,39 Street,27 Suite,Falls Church,VA,90210,US,Test2
Übermensch69,,Nietzsche69,Friedrich69,,39 Street,27 Suite,Falls Church,VA,90210,US,Test3
Übermensch70,,Nietzsche70,Friedrich70,,39 Street,27 Suite,Falls Church,VA,90210,US,Test1
Übermensch71,,Nietzsche71,Friedrich71,,39 Street,27 Suite,Falls Church,VA,90210,US,Test2
Übermensch72,,Nietzsche72,Friedrich72,,39 Street,27 Suite,Falls Church,VA,90210,US,Test3
Übermensch73,,Nietzsche73,Friedrich73,,39 Street,27 Suite,Falls Church,VA,90210,US,Test1
Übermensch74,,Nietzsche74,Friedrich74,,39 Street,27 Suite,Falls Church,VA,90210,US,Test2
Übermensch75,,Nietzsche75,Friedrich75,,39 Street,27 Suite,Falls Church,VA,90210,US,Test3
Übermensch76,,Nietzsche76,Friedrich76,,39 Street,27 Suite,Falls Church,VA,90210,US,Test1
Übermensch77,,Nietzsche77,Friedrich77,,39 Street,27 Suite,Falls Church,VA,90210,US,Test2
Übermensch78,,Nietzsche78,Friedrich78,,39 Street,27 Suite,Falls Church,VA,90210,US,Test3
Übermensch79,,Nietzsche79,Friedrich79,,40 Street,28 Suite,Falls Church,VA,90210,US,Test1
Übermensch80,,Nietzsche80,Friedrich80,,40 Street,28 Suite,Falls Church,VA,90210,US,Test2
Übermensch81,,Nietzsche81,Friedrich81,,40 Street,28 Suite,Falls Church,VA,90210,US,Test3
Übermensch82,,Nietzsche82,Friedrich82,,40 Street,28 Suite,Falls Church,VA,90210,US,Test1
Übermensch83,,Nietzsche83,Friedrich83,,40 Street,28 Suite,Falls Church,VA,90210,US,Test2
Übermensch84,,Nietzsche84,Friedrich84,,40 Street,28 Suite,Falls Church,VA,90210,US,Test3
Übermensch85,,Nietzsche85,Friedrich85,,40 Street,28 Suite,Falls Church,VA,90210,US,Test1
Übermensch86,,Nietzsche86,Friedrich86,,40 Street,28 Suite,Falls Church,VA,90210,US,Test2
Übermensch87,,Nietzsche87,Friedrich87,,40 Street,28 Suite,Falls Church,VA,90210,US,Test3
Übermensch88,,Nietzsche88,Friedrich88,,40 Street,28 Suite,Falls Church,VA,90210,US,Test1
Übermensch89,,Nietzsche89,Friedrich89,,40 Street,28 Suite,Falls Church,VA,90210,US,Test2
Übermensch90,,Nietzsche90,Friedrich90,,40 Street,28 Suite,Falls Church,VA,90210,US,Test3
Übermensch91,,Nietzsche91,Friedrich91,,40 Street,28 Suite,Falls Church,VA,90210,US,Test1
Übermensch92,,Nietzsche92,Friedrich92,,40 Street,28 Suite,Falls Church,VA,90210,US,Test2
Übermensch93,,Nietzsche93,Friedrich93,,40 Street,28 Suite,Falls Church,VA,90210,US,Test3
Übermensch94,,Nietzsche94,Friedrich94,,40 Street,28 Suite,Falls Church,VA,90210,US,Test1
Übermensch95,,Nietzsche95,Friedrich95,,40 Street,28 Suite,Falls Church,VA,90210,US,Test2
Übermensch96,,Nietzsche96,Friedrich96,,40 Street,28 Suite,Falls Church,VA,90210,US,Test3
Übermensch97,,Nietzsche97,Friedrich97,,40 Street,28 Suite,Falls Church,VA,90210,US,Test1
Übermensch98,,Nietzsche98,Friedrich98,,40 Street,28 Suite,Falls Church,VA,90210,US,Test2
Übermensch99,,Nietzsche99,Friedrich99,,40 Street,28 Suite,Falls Church,VA,90210,US,Test3
Übermensch100,,Nietzsche100,Friedrich100,,40 Street,28 Suite,Falls Church,VA,90210,US,Test1
Übermensch101,,Nietzsche101,Friedrich101,,40 Street,28 Suite,Falls Church,VA,90210,US,Test2
Übermensch102,,Nietzsche102,Friedrich102,,40 Street,28 Suite,Falls Church,VA,90210,US,Test3
Übermensch103,,Nietzsche103,Friedrich103,,40 Street,28 Suite,Falls Church,VA,90210,US,Test1
Übermensch104,,Nietzsche104,Friedrich104,,40 Street,28 Suite,Falls Church,VA,90210,US,Test2
Übermensch105,,Nietzsche105,Friedrich105,,40 Street,28 Suite,Falls Church,VA,90210,US,Test3
Übermensch106,,Nietzsche106,Friedrich106,,40 Street,28 Suite,Falls Church,VA,90210,US,Test1
Übermensch107,,Nietzsche107,Friedrich107,,40 Street,28 Suite,Falls Church,VA,90210,US,Test2
Übermensch108,,Nietzsche108,Friedrich108,,41 Street,29 Suite,Falls Church,VA,90210,US,Test3
Übermensch109,,Nietzsche109,Friedrich109,,41 Street,29 Suite,Falls Church,VA,90210,US,Test1
Übermensch110,,Nietzsche110,Friedrich110,,41 Street,29 Suite,Falls Church,VA,90210,US,Test2
Übermensch111,,Nietzsche111,Friedrich111,,41 Street,29 Suite,Falls Church,VA,90210,US,Test3
Übermensch112,,Nietzsche112,Friedrich112,,41 Street,29 Suite,Falls Church,VA,90210,US,Test1
Übermensch113,,Nietzsche113,Friedrich113,,41 Street,29 Suite,Falls Church,VA,90210,US,Test2
Übermensch114,,Nietzsche114,Friedrich114,,41 Street,29 Suite,Falls Church,VA,90210,US,Test3
Übermensch115,,Nietzsche115,Friedrich115,,41 Street,29 Suite,Falls Church,VA,90210,US,Test1
Übermensch116,,Nietzsche116,Friedrich116,,41 Street,29 Suite,Falls Church,VA,90210,US,Test2
Übermensch117,,Nietzsche117,Friedrich117,,41 Street,29 Suite,Falls Church,VA,90210,US,Test3
Übermensch118,,Nietzsche118,Friedrich118,,41 Street,29 Suite,Falls Church,VA,90210,US,Test1
Übermensch119,,Nietzsche119,Friedrich119,,41 Street,29 Suite,Falls Church,VA,90210,US,Test2
Übermensch120,,Nietzsche120,Friedrich120,,41 Street,29 Suite,Falls Church,VA,90210,US,Test3
Übermensch121,,Nietzsche121,Friedrich121,,41 Street,29 Suite,Falls Church,VA,90210,US,Test1
Übermensch122,,Nietzsche122,Friedrich122,,41 Street,29 Suite,Falls Church,VA,90210,US,Test2
Übermensch123,,Nietzsche123,Friedrich123,,41 Street,29 Suite,Falls Church,VA,90210,US,Test3
Übermensch124,,Nietzsche124,Friedrich124,,41 Street,29 Suite,Falls Church,VA,90210,US,Test1
Übermensch125,,Nietzsche125,Friedrich125,,41 Street,29 Suite,Falls Church,VA,90210,US,Test2
Übermensch126,,Nietzsche126,Friedrich126,,41 Street,29 Suite,Falls Church,VA,90210,US,Test3
Übermensch127,,Nietzsche127,Friedrich127,,41 Street,29 Suite,Falls Church,VA,90210,US,Test1
Übermensch128,,Nietzsche128,Friedrich128,,41 Street,29 Suite,Falls Church,VA,90210,US,Test2
Übermensch129,,Nietzsche129,Friedrich129,,41 Street,29 Suite,Falls Church,VA,90210,US,Test3
Übermensch130,,Nietzsche130,Friedrich130,,41 Street,29 Suite,Falls Church,VA,90210,US,Test1
Übermensch131,,Nietzsche131,Friedrich131,,41 Street,29 Suite,Falls Church,VA,90210,US,Test2
Übermensch132,,Nietzsche132,Friedrich132,,41 Street,29 Suite,Falls Church,VA,90210,US,Test3
Übermensch133,,Nietzsche133,Friedrich133,,41 Street,29 Suite,Falls Church,VA,90210,US,Test1
Übermensch134,,Nietzsche134,Friedrich134,,41 Street,29 Suite,Falls Church,VA,90210,US,Test2
Übermensch135,,Nietzsche135,Friedrich135,,41 Street,29 Suite,Falls Church,VA,90210,US,Test3
Übermensch136,,Nietzsche136,Friedrich136,,41 Street,29 Suite,Falls Church,VA,90210,US,Test1
Übermensch137,,Nietzsche137,Friedrich137,,42 Street,30 Suite,Falls Church,VA,90210,US,Test2
Übermensch138,,Nietzsche138,Friedrich138,,42 Street,30 Suite,Falls Church,VA,90210,US,Test3
Übermensch139,,Nietzsche139,Friedrich139,,42 Street,30 Suite,Falls Church,VA,90210,US,Test1
Übermensch140,,Nietzsche140,Friedrich140,,42 Street,30 Suite,Falls Church,VA,90210,US,Test2
Übermensch141,,Nietzsche141,Friedrich141,,42 Street,30 Suite,Falls Church,VA,90210,US,Test3
Übermensch142,,Nietzsche142,Friedrich142,,42 Street,30 Suite,Falls Church,VA,90210,US,Test1
Übermensch143,,Nietzsche143,Friedrich143,,42 Street,30 Suite,Falls Church,VA,90210,US,Test2
Übermensch144,,Nietzsche144,Friedrich144,,42 Street,30 Suite,Falls Church,VA,90210,US,Test3
Übermensch145,,Nietzsche145,Friedrich145,,42 Street,30 Suite,Falls Church,VA,90210,US,Test1
Übermensch146,,Nietzsche146,Friedrich146,,42 Street,30 Suite,Falls Church,VA,90210,US,Test2
Übermensch147,,Nietzsche147,Friedrich147,,42 Street,30 Suite,Falls Church,VA,90210,US,Test3
Übermensch148,,Nietzsche148,Friedrich148,,42 Street,30 Suite,Falls Church,VA,90210,US,Test1
Übermensch149,,Nietzsche149,Friedrich149,,42 Street,30 Suite,Falls Church,VA,90210,US,Test2
Übermensch150,,Nietzsche150,Friedrich150,,42 Street,30 Suite,Falls Church,VA,90210,US,Test3
Übermensch151,,Nietzsche151,Friedrich151,,42 Street,30 Suite,Falls Church,VA,90210,US,Test1
Übermensch152,,Nietzsche152,Friedrich152,,42 Street,30 Suite,Falls Church,VA,90210,US,Test2
Übermensch153,,Nietzsche153,Friedrich153,,42 Street,30 Suite,Falls Church,VA,90210,US,Test3
Übermensch154,,Nietzsche154,Friedrich154,,42 Street,30 Suite,Falls Church,VA,90210,US,Test1
Übermensch155,,Nietzsche155,Friedrich155,,42 Street,30 Suite,Falls Church,VA,90210,US,Test2
Übermensch156,,Nietzsche156,Friedrich156,,42 Street,30 Suite,Falls Church,VA,90210,US,Test3
Übermensch157,,Nietzsche157,Friedrich157,,42 Street,30 Suite,Falls Church,VA,90210,US,Test1
Übermensch158,,Nietzsche158,Friedrich158,,42 Street,30 Suite,Falls Church,VA,90210,US,Test2
Übermensch159,,Nietzsche159,Friedrich159,,42 Street,30 Suite,Falls Church,VA,90210,US,Test3
Übermensch160,,Nietzsche160,Friedrich160,,42 Street,30 Suite,Falls Church,VA,90210,US,Test1
Übermensch161,,Nietzsche161,Friedrich161,,42 Street,30 Suite,Falls Church,VA,90210,US,Test2
Übermensch162,,Nietzsche162,Friedrich162,,42 Street,30 Suite,Falls Church,VA,90210,US,Test3
Übermensch163,,Nietzsche163,Friedrich163,,42 Street,30 Suite,Falls Church,VA,90210,US,Test1
Übermensch164,,Nietzsche164,Friedrich164,,42 Street,30 Suite,Falls Church,VA,90210,US,Test2
Übermensch165,,Nietzsche165,Friedrich165,,42 Street,30 Suite,Falls Church,VA,90210,US,Test3
Übermensch166,,Nietzsche166,Friedrich166,,43 Street,31 Suite,Falls Church,VA,90210,US,Test1
Übermensch167,,Nietzsche167,Friedrich167,,43 Street,31 Suite,Falls Church,VA,90210,US,Test2
Übermensch168,,Nietzsche168,Friedrich168,,43 Street,31 Suite,Falls Church,VA,90210,US,Test3
Übermensch169,,Nietzsche169,Friedrich169,,43 Street,31 Suite,Falls Church,VA,90210,US,Test1
Übermensch170,,Nietzsche170,Friedrich170,,43 Street,31 Suite,Falls Church,VA,90210,US,Test2
Übermensch171,,Nietzsche171,Friedrich171,,43 Street,31 Suite,Falls Church,VA,90210,US,Test3
Übermensch172,,Nietzsche172,Friedrich172,,43 Street,31 Suite,Falls Church,VA,90210,US,Test1
Übermensch173,,Nietzsche173,Friedrich173,,43 Street,31 Suite,Falls Church,VA,90210,US,Test2
Übermensch174,,Nietzsche174,Friedrich174,,43 Street,31 Suite,Falls Church,VA,90210,US,Test3
Übermensch175,,Nietzsche175,Friedrich175,,43 Street,31 Suite,Falls Church,VA,90210,US,Test1
Übermensch176,,Nietzsche176,Friedrich176,,43 Street,31 Suite,Falls Church,VA,90210,US,Test2
Übermensch177,,Nietzsche177,Friedrich177,,43 Street,31 Suite,Falls Church,VA,90210,US,Test3
Übermensch178,,Nietzsche178,Friedrich178,,43 Street,31 Suite,Falls Church,VA,90210,US,Test1
Übermensch179,,Nietzsche179,Friedrich179,,43 Street,31 Suite,Falls Church,VA,90210,US,Test2
Übermensch180,,Nietzsche180,Friedrich180,,43 Street,31 Suite,Falls Church,VA,90210,US,Test3
Übermensch181,,Nietzsche181,Friedrich181,,43 Street,31 Suite,Falls Church,VA,90210,US,Test1
Übermensch182,,Nietzsche182,Friedrich182,,43 Street,31 Suite,Falls Church,VA,90210,US,Test2
Übermensch183,,Nietzsche183,Friedrich183,,43 Street,31 Suite,Falls Church,VA,90210,US,Test3
Übermensch184,,Nietzsche184,Friedrich184,,43 Street,31 Suite,Falls Church,VA,90210,US,Test1
Übermensch185,,Nietzsche185,Friedrich185,,43 Street,31 Suite,Falls Church,VA,90210,US,Test2
Übermensch186,,Nietzsche186,Friedrich186,,43 Street,31 Suite,Falls Church,VA,90210,US,Test3
Übermensch187,,Nietzsche187,Friedrich187,,43 Street,31 Suite,Falls Church,VA,90210,US,Test1
Übermensch188,,Nietzsche188,Friedrich188,,43 Street,31 Suite,Falls Church,VA,90210,US,Test2
Übermensch189,,Nietzsche189,Friedrich189,,43 Street,31 Suite,Falls Church,VA,90210,US,Test3
Übermensch190,,Nietzsche190,Friedrich190,,43 Street,31 Suite,Falls Church,VA,90210,US,Test1
Übermensch191,,Nietzsche191,Friedrich191,,43 Street,31 Suite,Falls Church,VA,90210,US,Test2
Übermensch192,,Nietzsche192,Friedrich192,,43 Street,31 Suite,Falls Church,VA,90210,US,Test3
Übermensch193,,Nietzsche193,Friedrich193,,43 Street,31 Suite,Falls Church,VA,90210,US,Test1
Übermensch194,,Nietzsche194,Friedrich194,,43 Street,31 Suite,Falls Church,VA,90210,US,Test2
Übermensch195,,Nietzsche195,Friedrich195,,44 Street,32 Suite,Falls Church,VA,90210,US,Test3
Übermensch196,,Nietzsche196,Friedrich196,,44 Street,32 Suite,Falls Church,VA,90210,US,Test1
Übermensch197,,Nietzsche197,Friedrich197,,44 Street,32 Suite,Falls Church,VA,90210,US,Test2
Übermensch198,,Nietzsche198,Friedrich198,,44 Street,32 Suite,Falls Church,VA,90210,US,Test3
Übermensch199,,Nietzsche199,Friedrich199,,44 Street,32 Suite,Falls Church,VA,90210,US,Test1
Übermensch200,,Nietzsche200,Friedrich200,,44 Street,32 Suite,Falls Church,VA,90210,US,Test2
Übermensch201,,Nietzsche201,Friedrich201,,44 Street,32 Suite,Falls Church,VA,90210,US,Test3
Übermensch202,,Nietzsche202,Friedrich202,,44 Street,32 Suite,Falls Church,VA,90210,US,Test1
Übermensch203,,Nietzsche203,Friedrich203,,44 Street,32 Suite,Falls Church,VA,90210,US,Test2
Übermensch204,,Nietzsche204,Friedrich204,,44 Street,32 Suite,Falls Church,VA,90210,US,Test3
Übermensch205,,Nietzsche205,Friedrich205,,44 Street,32 Suite,Falls Church,VA,90210,US,Test1
Übermensch206,,Nietzsche206,Friedrich206,,44 Street,32 Suite,Falls Church,VA,90210,US,Test2
Übermensch207,,Nietzsche207,Friedrich207,,44 Street,32 Suite,Falls Church,VA,90210,US,Test3
Übermensch208,,Nietzsche208,Friedrich208,,44 Street,32 Suite,Falls Church,VA,90210,US,Test1
Übermensch209,,Nietzsche209,Friedrich209,,44 Street,32 Suite,Falls Church,VA,90210,US,Test2
Übermensch210,,Nietzsche210,Friedrich210,,44 Street,32 Suite,Falls Church,VA,90210,US,Test3
Übermensch211,,Nietzsche211,Friedrich211,,44 Street,32 Suite,Falls Church,VA,90210,US,Test1
Übermensch212,,Nietzsche212,Friedrich212,,44 Street,32 Suite,Falls Church,VA,90210,US,Test2
Übermensch213,,Nietzsche213,Friedrich213,,44 Street,32 Suite,Falls Church,VA,90210,US,Test3
Übermensch214,,Nietzsche214,Friedrich214,,44 Street,32 Suite,Falls Church,VA,90210,US,Test1
Übermensch215,,Nietzsche215,Friedrich215,,44 Street,32 Suite,Falls Church,VA,90210,US,Test2
Übermensch216,,Nietzsche216,Friedrich216,,44 Street,32 Suite,Falls Church,VA,90210,US,Test3
Übermensch217,,Nietzsche217,Friedrich217,,44 Street,32 Suite,Falls Church,VA,90210,US,Test1
Übermensch218,,Nietzsche218,Friedrich218,,44 Street,32 Suite,Falls Church,VA,90210,US,Test2
Übermensch219,,Nietzsche219,Friedrich219,,44 Street,32 Suite,Falls Church,VA,90210,US,Test3
Übermensch220,,Nietzsche220,Friedrich220,,44 Street,32 Suite,Falls Church,VA,90210,US,Test1
Übermensch221,,Nietzsche221,Friedrich221,,44 Street,32 Suite,Falls Church,VA,90210,US,Test2
Übermensch222,,Nietzsche222,Friedrich222,,44 Street,32 Suite,Falls Church,VA,90210,US,Test3
Übermensch223,,Nietzsche223,Friedrich223,,44 Street,32 Suite,Falls Church,VA,90210,US,Test1
Übermensch224,,Nietzsche224,Friedrich224,,45 Street,33 Suite,Falls Church,VA,90210,US,Test2
Übermensch225,,Nietzsche225,Friedrich225,,45 Street,33 Suite,Falls Church,VA,90210,US,Test3
Übermensch226,,Nietzsche226,Friedrich226,,45 Street,33 Suite,Falls Church,VA,90210,US,Test1
Übermensch227,,Nietzsche227,Friedrich227,,45 Street,33 Suite,Falls Church,VA,90210,US,Test2
Übermensch228,,Nietzsche228,Friedrich228,,45 Street,33 Suite,Falls Church,VA,90210,US,Test3
Übermensch229,,Nietzsche229,Friedrich229,,45 Street,33 Suite,Falls Church,VA,90210,US,Test1
Übermensch230,,Nietzsche230,Friedrich230,,45 Street,33 Suite,Falls Church,VA,90210,US,Test2
Übermensch231,,Nietzsche231,Friedrich231,,45 Street,33 Suite,Falls Church,VA,90210,US,Test3
Übermensch232,,Nietzsche232,Friedrich232,,45 Street,33 Suite,Falls Church,VA,90210,US,Test1
Übermensch233,,Nietzsche233,Friedrich233,,45 Street,33 Suite,Falls Church,VA,90210,US,Test2
Übermensch234,,Nietzsche234,Friedrich234,,45 Street,33 Suite,Falls Church,VA,90210,US,Test3
Übermensch235,,Nietzsche235,Friedrich235,,45 Street,33 Suite,Falls Church,VA,90210,US,Test1
Übermensch236,,Nietzsche236,Friedrich236,,45 Street,33 Suite,Falls Church,VA,90210,US,Test2
Übermensch237,,Nietzsche237,Friedrich237,,45 Street,33 Suite,Falls Church,VA,90210,US,Test3
Übermensch238,,Nietzsche238,Friedrich238,,45 Street,33 Suite,Falls Church,VA,90210,US,Test1
Übermensch239,,Nietzsche239,Friedrich239,,45 Street,33 Suite,Falls Church,VA,90210,US,Test2
Übermensch240,,Nietzsche240,Friedrich240,,45 Street,33 Suite,Falls Church,VA,90210,US,Test3
Übermensch241,,Nietzsche241,Friedrich241,,45 Street,33 Suite,Falls Church,VA,90210,US,Test1
Übermensch242,,Nietzsche242,Friedrich242,,45 Street,33 Suite,Falls Church,VA,90210,US,Test2
Übermensch243,,Nietzsche243,Friedrich243,,45 Street,33 Suite,Falls Church,VA,90210,US,Test3
Übermensch244,,Nietzsche244,Friedrich244,,45 Street,33 Suite,Falls Church,VA,90210,US,Test1
Übermensch245,,Nietzsche245,Friedrich245,,45 Street,33 Suite,Falls Church,VA,90210,US,Test2
Übermensch246,,Nietzsche246,Friedrich246,,45 Street,33 Suite,Falls Church,VA,90210,US,Test3
Übermensch247,,Nietzsche247,Friedrich247,,45 Street,33 Suite,Falls Church,VA,90210,US,Test1
Übermensch248,,Nietzsche248,Friedrich248,,45 Street,33 Suite,Falls Church,VA,90210,US,Test2
Übermensch249,,Nietzsche249,Friedrich249,,45 Street,33 Suite,Falls Church,VA,90210,US,Test3
Übermensch250,,Nietzsche250,Friedrich250,,45 Street,33 Suite,Falls Church,VA,90210,US,Test1
Übermensch251,,Nietzsche251,Friedrich251,,45 Street,33 Suite,Falls Church,VA,90210,US,Test2
Übermensch252,,Nietzsche252,Friedrich252,,45 Street,33 Suite,Falls Church,VA,90210,US,Test3
Übermensch253,,Nietzsche253,Friedrich253,,46 Street,34 Suite,Falls Church,VA,90210,US,Test1
Übermensch254,,Nietzsche254,Friedrich254,,46 Street,34 Suite,Falls Church,VA,90210,US,Test2
Übermensch255,,Nietzsche255,Friedrich255,,46 Street,34 Suite,Falls Church,VA,90210,US,Test3
Übermensch256,,Nietzsche256,Friedrich256,,46 Street,34 Suite,Falls Church,VA,90210,US,Test1
Übermensch257,,Nietzsche257,Friedrich257,,46 Street,34 Suite,Falls Church,VA,90210,US,Test2
Übermensch258,,Nietzsche258,Friedrich258,,46 Street,34 Suite,Falls Church,VA,90210,US,Test3
Übermensch259,,Nietzsche259,Friedrich259,,46 Street,34 Suite,Falls Church,VA,90210,US,Test1
Übermensch260,,Nietzsche260,Friedrich260,,46 Street,34 Suite,Falls Church,VA,90210,US,Test2
Übermensch261,,Nietzsche261,Friedrich261,,46 Street,34 Suite,Falls Church,VA,90210,US,Test3
Übermensch262,,Nietzsche262,Friedrich262,,46 Street,34 Suite,Falls Church,VA,90210,US,Test1
Übermensch263,,Nietzsche263,Friedrich263,,46 Street,34 Suite,Falls Church,VA,90210,US,Test2
Übermensch264,,Nietzsche264,Friedrich264,,46 Street,34 Suite,Falls Church,VA,90210,US,Test3
Übermensch265,,Nietzsche265,Friedrich265,,46 Street,34 Suite,Falls Church,VA,90210,US,Test1
Übermensch266,,Nietzsche266,Friedrich266,,46 Street,34 Suite,Falls Church,VA,90210,US,Test2
Übermensch267,,Nietzsche267,Friedrich267,,46 Street,34 Suite,Falls Church,VA,90210,US,Test3
Übermensch268,,Nietzsche268,Friedrich268,,46 Street,34 Suite,Falls Church,VA,90210,US,Test1
Übermensch269,,Nietzsche269,Friedrich269,,46 Street,34 Suite,Falls Church,VA,90210,US,Test2
Übermensch270,,Nietzsche270,Friedrich270,,46 Street,34 Suite,Falls Church,VA,90210,US,Test3
Übermensch271,,Nietzsche271,Friedrich271,,46 Street,34 Suite,Falls Church,VA,90210,US,Test1
Übermensch272,,Nietzsche272,Friedrich272,,46 Street,34 Suite,Falls Church,VA,90210,US,Test2
Übermensch273,,Nietzsche273,Friedrich273,,46 Street,34 Suite,Falls Church,VA,90210,US,Test3
Übermensch274,,Nietzsche274,Friedrich274,,46 Street,34 Suite,Falls Church,VA,90210,US,Test1
Übermensch275,,Nietzsche275,Friedrich275,,46 Street,34 Suite,Falls Church,VA,90210,US,Test2
Übermensch276,,Nietzsche276,Friedrich276,,46 Street,34 Suite,Falls Church,VA,90210,US,Test3
Übermensch277,,Nietzsche277,Friedrich277,,46 Street,34 Suite,Falls Church,VA,90210,US,Test1
Übermensch278,,Nietzsche278,Friedrich278,,46 Street,34 Suite,Falls Church,VA,90210,US,Test2
Übermensch279,,Nietzsche279,Friedrich279,,46 Street,34 Suite,Falls Church,VA,90210,US,Test3
Übermensch280,,Nietzsche280,Friedrich280,,46 Street,34 Suite,Falls Church,VA,90210,US,Test1
Übermensch281,,Nietzsche281,Friedrich281,,46 Street,34 Suite,Falls Church,VA,90210,US,Test2
Übermensch282,,Nietzsche282,Friedrich282,,47 Street,35 Suite,Falls Church,VA,90210,US,Test3
Übermensch283,,Nietzsche283,Friedrich283,,47 Street,35 Suite,Falls Church,VA,90210,US,Test1
Übermensch284,,Nietzsche284,Friedrich284,,47 Street,35 Suite,Falls Church,VA,90210,US,Test2
Übermensch285,,Nietzsche285,Friedrich285,,47 Street,35 Suite,Falls Church,VA,90210,US,Test3
Übermensch286,,Nietzsche286,Friedrich286,,47 Street,35 Suite,Falls Church,VA,90210,US,Test1
Übermensch287,,Nietzsche287,Friedrich287,,47 Street,35 Suite,Falls Church,VA,90210,US,Test2
Übermensch288,,Nietzsche288,Friedrich288,,47 Street,35 Suite,Falls Church,VA,90210,US,Test3
Übermensch289,,Nietzsche289,Friedrich289,,47 Street,35 Suite,Falls Church,VA,90210,US,Test1
Übermensch290,,Nietzsche290,Friedrich290,,47 Street,35 Suite,Falls Church,VA,90210,US,Test2
Übermensch291,,Nietzsche291,Friedrich291,,47 Street,35 Suite,Falls Church,VA,90210,US,Test3
Übermensch292,,Nietzsche292,Friedrich292,,47 Street,35 Suite,Falls Church,VA,90210,US,Test1
Übermensch293,,Nietzsche293,Friedrich293,,47 Street,35 Suite,Falls Church,VA,90210,US,Test2
Übermensch294,,Nietzsche294,Friedrich294,,47 Street,35 Suite,Falls Church,VA,90210,US,Test3
Übermensch295,,Nietzsche295,Friedrich295,,47 Street,35 Suite,Falls Church,VA,90210,US,Test1
Übermensch296,,Nietzsche296,Friedrich296,,47 Street,35 Suite,Falls Church,VA,90210,US,Test2
Übermensch297,,Nietzsche297,Friedrich297,,47 Street,35 Suite,Falls Church,VA,90210,US,Test3
Übermensch298,,Nietzsche298,Friedrich298,,47 Street,35 Suite,Falls Church,VA,90210,US,Test1
Übermensch299,,Nietzsche299,Friedrich299,,47 Street,35 Suite,Falls Church,VA,90210,US,Test2
Übermensch300,,Nietzsche300,Friedrich300,,47 Street,35 Suite,Falls Church,VA,90210,US,Test3
Übermensch301,,Nietzsche301,Friedrich301,,47 Street,35 Suite,Falls Church,VA,90210,US,Test1
Übermensch302,,Nietzsche302,Friedrich302,,47 Street,35 Suite,Falls Church,VA,90210,US,Test2
Übermensch303,,Nietzsche303,Friedrich303,,47 Street,35 Suite,Falls Church,VA,90210,US,Test3
Übermensch304,,Nietzsche304,Friedrich304,,47 Street,35 Suite,Falls Church,VA,90210,US,Test1
Übermensch305,,Nietzsche305,Friedrich305,,47 Street,35 Suite,Falls Church,VA,90210,US,Test2
Übermensch306,,Nietzsche306,Friedrich306,,47 Street,35 Suite,Falls Church,VA,90210,US,Test3
Übermensch307,,Nietzsche307,Friedrich307,,47 Street,35 Suite,Falls Church,VA,90210,US,Test1
Übermensch308,,Nietzsche308,Friedrich308,,47 Street,35 Suite,Falls Church,VA,90210,US,Test2
Übermensch309,,Nietzsche309,Friedrich309,,47 Street,35 Suite,Falls Church,VA,90210,US,Test3
Übermensch310,,Nietzsche310,Friedrich310,,47 Street,35 Suite,Falls Church,VA,90210,US,Test1
Übermensch311,,Nietzsche311,Friedrich311,,48 Street,36 Suite,Falls Church,VA,90210,US,Test2
Übermensch312,,Nietzsche312,Friedrich312,,48 Street,36 Suite,Falls Church,VA,90210,US,Test3
Übermensch313,,Nietzsche313,Friedrich313,,48 Street,36 Suite,Falls Church,VA,90210,US,Test1
Übermensch314,,Nietzsche314,Friedrich314,,48 Street,36 Suite,Falls Church,VA,90210,US,Test2
Übermensch315,,Nietzsche315,Friedrich315,,48 Street,36 Suite,Falls Church,VA,90210,US,Test3
Übermensch316,,Nietzsche316,Friedrich316,,48 Street,36 Suite,Falls Church,VA,90210,US,Test1
Übermensch317,,Nietzsche317,Friedrich317,,48 Street,36 Suite,Falls Church,VA,90210,US,Test2
Übermensch318,,Nietzsche318,Friedrich318,,48 Street,36 Suite,Falls Church,VA,90210,US,Test3
Übermensch319,,Nietzsche319,Friedrich319,,48 Street,36 Suite,Falls Church,VA,90210,US,Test1
Übermensch320,,Nietzsche320,Friedrich320,,48 Street,36 Suite,Falls Church,VA,90210,US,Test2
Übermensch321,,Nietzsche321,Friedrich321,,48 Street,36 Suite,Falls Church,VA,90210,US,Test3
Übermensch322,,Nietzsche322,Friedrich322,,48 Street,36 Suite,Falls Church,VA,90210,US,Test1
Übermensch323,,Nietzsche323,Friedrich323,,48 Street,36 Suite,Falls Church,VA,90210,US,Test2
Übermensch324,,Nietzsche324,Friedrich324,,48 Street,36 Suite,Falls Church,VA,90210,US,Test3
Übermensch325,,Nietzsche325,Friedrich325,,48 Street,36 Suite,Falls Church,VA,90210,US,Test1
Übermensch326,,Nietzsche326,Friedrich326,,48 Street,36 Suite,Falls Church,VA,90210,US,Test2
Übermensch327,,Nietzsche327,Friedrich327,,48 Street,36 Suite,Falls Church,VA,90210,US,Test3
Übermensch328,,Nietzsche328,Friedrich328,,48 Street,36 Suite,Falls Church,VA,90210,US,Test1
Übermensch329,,Nietzsche329,Friedrich329,,48 Street,36 Suite,Falls Church,VA,90210,US,Test2
Übermensch330,,Nietzsche330,Friedrich330,,48 Street,36 Suite,Falls Church,VA,90210,US,Test3
Übermensch331,,Nietzsche331,Friedrich331,,48 Street,36 Suite,Falls Church,VA,90210,US,Test1
Übermensch332,,Nietzsche332,Friedrich332,,48 Street,36 Suite,Falls Church,VA,90210,US,Test2
Übermensch333,,Nietzsche333,Friedrich333,,48 Street,36 Suite,Falls Church,VA,90210,US,Test3
Übermensch334,,Nietzsche334,Friedrich334,,48 Street,36 Suite,Falls Church,VA,90210,US,Test1
Übermensch335,,Nietzsche335,Friedrich335,,48 Street,36 Suite,Falls Church,VA,90210,US,Test2
Übermensch336,,Nietzsche336,Friedrich336,,48 Street,36 Suite,Falls Church,VA,90210,US,Test3
Übermensch337,,Nietzsche337,Friedrich337,,48 Street,36 Suite,Falls Church,VA,90210,US,Test1
Übermensch338,,Nietzsche338,Friedrich338,,48 Street,36 Suite,Falls Church,VA,90210,US,Test2
Übermensch339,,Nietzsche339,Friedrich339,,48 Street,36 Suite,Falls Church,VA,90210,US,Test3
Übermensch340,,Nietzsche340,Friedrich340,,49 Street,37 Suite,Falls Church,VA,90210,US,Test1
Übermensch341,,Nietzsche341,Friedrich341,,49 Street,37 Suite,Falls Church,VA,90210,US,Test2
Übermensch342,,Nietzsche342,Friedrich342,,49 Street,37 Suite,Falls Church,VA,90210,US,Test3
Übermensch343,,Nietzsche343,Friedrich343,,49 Street,37 Suite,Falls Church,VA,90210,US,Test1
Übermensch344,,Nietzsche344,Friedrich344,,49 Street,37 Suite,Falls Church,VA,90210,US,Test2
Übermensch345,,Nietzsche345,Friedrich345,,49 Street,37 Suite,Falls Church,VA,90210,US,Test3
Übermensch346,,Nietzsche346,Friedrich346,,49 Street,37 Suite,Falls Church,VA,90210,US,Test1
Übermensch347,,Nietzsche347,Friedrich347,,49 Street,37 Suite,Falls Church,VA,90210,US,Test2
Übermensch348,,Nietzsche348,Friedrich348,,49 Street,37 Suite,Falls Church,VA,90210,US,Test3
Übermensch349,,Nietzsche349,Friedrich349,,49 Street,37 Suite,Falls Church,VA,90210,US,Test1
Übermensch350,,Nietzsche350,Friedrich350,,49 Street,37 Suite,Falls Church,VA,90210,US,Test2
Übermensch351,,Nietzsche351,Friedrich351,,49 Street,37 Suite,Falls Church,VA,90210,US,Test3
Übermensch352,,Nietzsche352,Friedrich352,,49 Street,37 Suite,Falls Church,VA,90210,US,Test1
Übermensch353,,Nietzsche353,Friedrich353,,49 Street,37 Suite,Falls Church,VA,90210,US,Test2
Übermensch354,,Nietzsche354,Friedrich354,,49 Street,37 Suite,Falls Church,VA,90210,US,Test3
Übermensch355,,Nietzsche355,Friedrich355,,49 Street,37 Suite,Falls Church,VA,90210,US,Test1
Übermensch356,,Nietzsche356,Friedrich356,,49 Street,37 Suite,Falls Church,VA,90210,US,Test2
Übermensch357,,Nietzsche357,Friedrich357,,49 Street,37 Suite,Falls Church,VA,90210,US,Test3
Übermensch358,,Nietzsche358,Friedrich358,,49 Street,37 Suite,Falls Church,VA,90210,US,Test1
Übermensch359,,Nietzsche359,Friedrich359,,49 Street,37 Suite,Falls Church,VA,90210,US,Test2
Übermensch360,,Nietzsche360,Friedrich360,,49 Street,37 Suite,Falls Church,VA,90210,US,Test3
Übermensch361,,Nietzsche361,Friedrich361,,49 Street,37 Suite,Falls Church,VA,90210,US,Test1
Übermensch362,,Nietzsche362,Friedrich362,,49 Street,37 Suite,Falls Church,VA,90210,US,Test2
Übermensch363,,Nietzsche363,Friedrich363,,49 Street,37 Suite,Falls Church,VA,90210,US,Test3
Übermensch364,,Nietzsche364,Friedrich364,,49 Street,37 Suite,Falls Church,VA,90210,US,Test1
Übermensch365,,Nietzsche365,Friedrich365,,49 Street,37 Suite,Falls Church,VA,90210,US,Test2
Übermensch366,,Nietzsche366,Friedrich366,,49 Street,37 Suite,Falls Church,VA,90210,US,Test3
Übermensch367,,Nietzsche367,Friedrich367,,49 Street,37 Suite,Falls Church,VA,90210,US,Test1
Übermensch368,,Nietzsche368,Friedrich368,,49 Street,37 Suite,Falls Church,VA,90210,US,Test2
Übermensch369,,Nietzsche369,Friedrich369,,50 Street,38 Suite,Falls Church,VA,90210,US,Test3
Übermensch370,,Nietzsche370,Friedrich370,,50 Street,38 Suite,Falls Church,VA,90210,US,Test1
Übermensch371,,Nietzsche371,Friedrich371,,50 Street,38 Suite,Falls Church,VA,90210,US,Test2
Übermensch372,,Nietzsche372,Friedrich372,,50 Street,38 Suite,Falls Church,VA,90210,US,Test3
Übermensch373,,Nietzsche373,Friedrich373,,50 Street,38 Suite,Falls Church,VA,90210,US,Test1
Übermensch374,,Nietzsche374,Friedrich374,,50 Street,38 Suite,Falls Church,VA,90210,US,Test2
Übermensch375,,Nietzsche375,Friedrich375,,50 Street,38 Suite,Falls Church,VA,90210,US,Test3
Übermensch376,,Nietzsche376,Friedrich376,,50 Street,38 Suite,Falls Church,VA,90210,US,Test1
Übermensch377,,Nietzsche377,Friedrich377,,50 Street,38 Suite,Falls Church,VA,90210,US,Test2
Übermensch378,,Nietzsche378,Friedrich378,,50 Street,38 Suite,Falls Church,VA,90210,US,Test3
Übermensch379,,Nietzsche379,Friedrich379,,50 Street,38 Suite,Falls Church,VA,90210,US,Test1
Übermensch380,,Nietzsche380,Friedrich380,,50 Street,38 Suite,Falls Church,VA,90210,US,Test2
Übermensch381,,Nietzsche381,Friedrich381,,50 Street,38 Suite,Falls Church,VA,90210,US,Test3
Übermensch382,,Nietzsche382,Friedrich382,,50 Street,38 Suite,Falls Church,VA,90210,US,Test1
Übermensch383,,Nietzsche383,Friedrich383,,50 Street,38 Suite,Falls Church,VA,90210,US,Test2
Übermensch384,,Nietzsche384,Friedrich384,,50 Street,38 Suite,Falls Church,VA,90210,US,Test3
Übermensch385,,Nietzsche385,Friedrich385,,50 Street,38 Suite,Falls Church,VA,90210,US,Test1
Übermensch386,,Nietzsche386,Friedrich386,,50 Street,38 Suite,Falls Church,VA,90210,US,Test2
Übermensch387,,Nietzsche387,Friedrich387,,50 Street,38 Suite,Falls Church,VA,90210,US,Test3
Übermensch388,,Nietzsche388,Friedrich388,,50 Street,38 Suite,Falls Church,VA,90210,US,Test1
Übermensch389,,Nietzsche389,Friedrich389,,50 Street,38 Suite,Falls Church,VA,90210,US,Test2
Übermensch390,,Nietzsche390,Friedrich390,,50 Street,38 Suite,Falls Church,VA,90210,US,Test3
Übermensch391,,Nietzsche391,Friedrich391,,50 Street,38 Suite,Falls Church,VA,90210,US,Test1
Übermensch392,,Nietzsche392,Friedrich392,,50 Street,38 Suite,Falls Church,VA,90210,US,Test2
Übermensch393,,Nietzsche393,Friedrich393,,50 Street,38 Suite,Falls Church,VA,90210,US,Test3
Übermensch394,,Nietzsche394,Friedrich394,,50 Street,38 Suite,Falls Church,VA,90210,US,Test1
Übermensch395,,Nietzsche395,Friedrich395,,50 Street,38 Suite,Falls Church,VA,90210,US,Test2
Übermensch396,,Nietzsche396,Friedrich396,,50 Street,38 Suite,Falls Church,VA,90210,US,Test3
Übermensch397,,Nietzsche397,Friedrich397,,50 Street,38 Suite,Falls Church,VA,90210,US,Test1
Übermensch398,,Nietzsche398,Friedrich398,,51 Street,39 Suite,Falls Church,VA,90210,US,Test2
Übermensch399,,Nietzsche399,Friedrich399,,51 Street,39 Suite,Falls Church,VA,90210,US,Test3
Übermensch400,,Nietzsche400,Friedrich400,,51 Street,39 Suite,Falls Church,VA,90210,US,Test1
Übermensch401,,Nietzsche401,Friedrich401,,51 Street,39 Suite,Falls Church,VA,90210,US,Test2
Übermensch402,,Nietzsche402,Friedrich402,,51 Street,39 Suite,Falls Church,VA,90210,US,Test3
Übermensch403,,Nietzsche403,Friedrich403,,51 Street,39 Suite,Falls Church,VA,90210,US,Test1
Übermensch404,,Nietzsche404,Friedrich404,,51 Street,39 Suite,Falls Church,VA,90210,US,Test2
Übermensch405,,Nietzsche405,Friedrich405,,51 Street,39 Suite,Falls Church,VA,90210,US,Test3
Übermensch406,,Nietzsche406,Friedrich406,,51 Street,39 Suite,Falls Church,VA,90210,US,Test1
Übermensch407,,Nietzsche407,Friedrich407,,51 Street,39 Suite,Falls Church,VA,90210,US,Test2
Übermensch408,,Nietzsche408,Friedrich408,,51 Street,39 Suite,Falls Church,VA,90210,US,Test3
Übermensch409,,Nietzsche409,Friedrich409,,51 Street,39 Suite,Falls Church,VA,90210,US,Test1
Übermensch410,,Nietzsche410,Friedrich410,,51 Street,39 Suite,Falls Church,VA,90210,US,Test2
Übermensch411,,Nietzsche411,Friedrich411,,51 Street,39 Suite,Falls Church,VA,90210,US,Test3
Übermensch412,,Nietzsche412,Friedrich412,,51 Street,39 Suite,Falls Church,VA,90210,US,Test1
Übermensch413,,Nietzsche413,Friedrich413,,51 Street,39 Suite,Falls Church,VA,90210,US,Test2
Übermensch414,,Nietzsche414,Friedrich414,,51 Street,39 Suite,Falls Church,VA,90210,US,Test3
Übermensch415,,Nietzsche415,Friedrich415,,51 Street,39 Suite,Falls Church,VA,90210,US,Test1
Übermensch416,,Nietzsche416,Friedrich416,,51 Street,39 Suite,Falls Church,VA,90210,US,Test2
Übermensch417,,Nietzsche417,Friedrich417,,51 Street,39 Suite,Falls Church,VA,90210,US,Test3
Übermensch418,,Nietzsche418,Friedrich418,,51 Street,39 Suite,Falls Church,VA,90210,US,Test1
Übermensch419,,Nietzsche419,Friedrich419,,51 Street,39 Suite,Falls Church,VA,90210,US,Test2
Übermensch420,,Nietzsche420,Friedrich420,,51 Street,39 Suite,Falls Church,VA,90210,US,Test3
Übermensch421,,Nietzsche421,Friedrich421,,51 Street,39 Suite,Falls Church,VA,90210,US,Test1
Übermensch422,,Nietzsche422,Friedrich422,,51 Street,39 Suite,Falls Church,VA,90210,US,Test2
Übermensch423,,Nietzsche423,Friedrich423,,51 Street,39 Suite,Falls Church,VA,90210,US,Test3
Übermensch424,,Nietzsche424,Friedrich424,,51 Street,39 Suite,Falls Church,VA,90210,US,Test1
Übermensch425,,Nietzsche425,Friedrich425,,51 Street,39 Suite,Falls Church,VA,90210,US,Test2
Übermensch426,,Nietzsche426,Friedrich426,,51 Street,39 Suite,Falls Church,VA,90210,US,Test3
Übermensch427,,Nietzsche427,Friedrich427,,52 Street,40 Suite,Falls Church,VA,90210,US,Test1
Übermensch428,,Nietzsche428,Friedrich428,,52 Street,40 Suite,Falls Church,VA,90210,US,Test2
Übermensch429,,Nietzsche429,Friedrich429,,52 Street,40 Suite,Falls Church,VA,90210,US,Test3
Übermensch430,,Nietzsche430,Friedrich430,,52 Street,40 Suite,Falls Church,VA,90210,US,Test1
Übermensch431,,Nietzsche431,Friedrich431,,52 Street,40 Suite,Falls Church,VA,90210,US,Test2
Übermensch432,,Nietzsche432,Friedrich432,,52 Street,40 Suite,Falls Church,VA,90210,US,Test3
Übermensch433,,Nietzsche433,Friedrich433,,52 Street,40 Suite,Falls Church,VA,90210,US,Test1
Übermensch434,,Nietzsche434,Friedrich434,,52 Street,40 Suite,Falls Church,VA,90210,US,Test2
Übermensch435,,Nietzsche435,Friedrich435,,52 Street,40 Suite,Falls Church,VA,90210,US,Test3
Übermensch436,,Nietzsche436,Friedrich436,,52 Street,40 Suite,Falls Church,VA,90210,US,Test1
Übermensch437,,Nietzsche437,Friedrich437,,52 Street,40 Suite,Falls Church,VA,90210,US,Test2
Übermensch438,,Nietzsche438,Friedrich438,,52 Street,40 Suite,Falls Church,VA,90210,US,Test3
Übermensch439,,Nietzsche439,Friedrich439,,52 Street,40 Suite,Falls Church,VA,90210,US,Test1
Übermensch440,,Nietzsche440,Friedrich440,,52 Street,40 Suite,Falls Church,VA,90210,US,Test2
Übermensch441,,Nietzsche441,Friedrich441,,52 Street,40 Suite,Falls Church,VA,90210,US,Test3
Übermensch442,,Nietzsche442,Friedrich442,,52 Street,40 Suite,Falls Church,VA,90210,US,Test1
Übermensch443,,Nietzsche443,Friedrich443,,52 Street,40 Suite,Falls Church,VA,90210,US,Test2
Übermensch444,,Nietzsche444,Friedrich444,,52 Street,40 Suite,Falls Church,VA,90210,US,Test3
Übermensch445,,Nietzsche445,Friedrich445,,52 Street,40 Suite,Falls Church,VA,90210,US,Test1
Übermensch446,,Nietzsche446,Friedrich446,,52 Street,40 Suite,Falls Church,VA,90210,US,Test2
Übermensch447,,Nietzsche447,Friedrich447,,52 Street,40 Suite,Falls Church,VA,90210,US,Test3
Übermensch448,,Nietzsche448,Friedrich448,,52 Street,40 Suite,Falls Church,VA,90210,US,Test1
Übermensch449,,Nietzsche449,Friedrich449,,52 Street,40 Suite,Falls Church,VA,90210,US,Test2
Übermensch450,,Nietzsche450,Friedrich450,,52 Street,40 Suite,Falls Church,VA,90210,US,Test3
Übermensch451,,Nietzsche451,Friedrich451,,52 Street,40 Suite,Falls Church,VA,90210,US,Test1
Übermensch452,,Nietzsche452,Friedrich452,,52 Street,40 Suite,Falls Church,VA,90210,US,Test2
Übermensch453,,Nietzsche453,Friedrich453,,52 Street,40 Suite,Falls Church,VA,90210,US,Test3
Übermensch454,,Nietzsche454,Friedrich454,,52 Street,40 Suite,Falls Church,VA,90210,US,Test1
Übermensch455,,Nietzsche455,Friedrich455,,52 Street,40 Suite,Falls Church,VA,90210,US,Test2
Übermensch456,,Nietzsche456,Friedrich456,,53 Street,41 Suite,Falls Church,VA,90210,US,Test3
Übermensch457,,Nietzsche457,Friedrich457,,53 Street,41 Suite,Falls Church,VA,90210,US,Test1
Übermensch458,,Nietzsche458,Friedrich458,,53 Street,41 Suite,Falls Church,VA,90210,US,Test2
Übermensch459,,Nietzsche459,Friedrich459,,53 Street,41 Suite,Falls Church,VA,90210,US,Test3
Übermensch460,,Nietzsche460,Friedrich460,,53 Street,41 Suite,Falls Church,VA,90210,US,Test1
Übermensch461,,Nietzsche461,Friedrich461,,53 Street,41 Suite,Falls Church,VA,90210,US,Test2
Übermensch462,,Nietzsche462,Friedrich462,,53 Street,41 Suite,Falls Church,VA,90210,US,Test3
Übermensch463,,Nietzsche463,Friedrich463,,53 Street,41 Suite,Falls Church,VA,90210,US,Test1
Übermensch464,,Nietzsche464,Friedrich464,,53 Street,41 Suite,Falls Church,VA,90210,US,Test2
Übermensch465,,Nietzsche465,Friedrich465,,53 Street,41 Suite,Falls Church,VA,90210,US,Test3
Übermensch466,,Nietzsche466,Friedrich466,,53 Street,41 Suite,Falls Church,VA,90210,US,Test1
Übermensch467,,Nietzsche467,Friedrich467,,53 Street,41 Suite,Falls Church,VA,90210,US,Test2
Übermensch468,,Nietzsche468,Friedrich468,,53 Street,41 Suite,Falls Church,VA,90210,US,Test3
Übermensch469,,Nietzsche469,Friedrich469,,53 Street,41 Suite,Falls Church,VA,90210,US,Test1
Übermensch470,,Nietzsche470,Friedrich470,,53 Street,41 Suite,Falls Church,VA,90210,US,Test2
Übermensch471,,Nietzsche471,Friedrich471,,53 Street,41 Suite,Falls Church,VA,90210,US,Test3
Übermensch472,,Nietzsche472,Friedrich472,,53 Street,41 Suite,Falls Church,VA,90210,US,Test1
Übermensch473,,Nietzsche473,Friedrich473,,53 Street,41 Suite,Falls Church,VA,90210,US,Test2
Übermensch474,,Nietzsche474,Friedrich474,,53 Street,41 Suite,Falls Church,VA,90210,US,Test3
Übermensch475,,Nietzsche475,Friedrich475,,53 Street,41 Suite,Falls Church,VA,90210,US,Test1
Übermensch476,,Nietzsche476,Friedrich476,,53 Street,41 Suite,Falls Church,VA,90210,US,Test2
Übermensch477,,Nietzsche477,Friedrich477,,53 Street,41 Suite,Falls Church,VA,90210,US,Test3
Übermensch478,,Nietzsche478,Friedrich478,,53 Street,41 Suite,Falls Church,VA,90210,US,Test1
Übermensch479,,Nietzsche479,Friedrich479,,53 Street,41 Suite,Falls Church,VA,90210,US,Test2
Übermensch480,,Nietzsche480,Friedrich480,,53 Street,41 Suite,Falls Church,VA,90210,US,Test3
Übermensch481,,Nietzsche481,Friedrich481,,53 Street,41 Suite,Falls Church,VA,90210,US,Test1
Übermensch482,,Nietzsche482,Friedrich482,,53 Street,41 Suite,Falls Church,VA,90210,US,Test2
Übermensch483,,Nietzsche483,Friedrich483,,53 Street,41 Suite,Falls Church,VA,90210,US,Test3
Übermensch484,,Nietzsche484,Friedrich484,,53 Street,41 Suite,Falls Church,VA,90210,US,Test1
Übermensch485,,Nietzsche485,Friedrich485,,54 Street,42 Suite,Falls Church,VA,90210,US,Test2
Übermensch486,,Nietzsche486,Friedrich486,,54 Street,42 Suite,Falls Church,VA,90210,US,Test3
Übermensch487,,Nietzsche487,Friedrich487,,54 Street,42 Suite,Falls Church,VA,90210,US,Test1
Übermensch488,,Nietzsche488,Friedrich488,,54 Street,42 Suite,Falls Church,VA,90210,US,Test2
Übermensch489,,Nietzsche489,Friedrich489,,54 Street,42 Suite,Falls Church,VA,90210,US,Test3
Übermensch490,,Nietzsche490,Friedrich490,,54 Street,42 Suite,Falls Church,VA,90210,US,Test1
Übermensch491,,Nietzsche491,Friedrich491,,54 Street,42 Suite,Falls Church,VA,90210,US,Test2
Übermensch492,,Nietzsche492,Friedrich492,,54 Street,42 Suite,Falls Church,VA,90210,US,Test3
Übermensch493,,Nietzsche493,Friedrich493,,54 Street,42 Suite,Falls Church,VA,90210,US,Test1
Übermensch494,,Nietzsche494,Friedrich494,,54 Street,42 Suite,Falls Church,VA,90210,US,Test2
Übermensch495,,Nietzsche495,Friedrich495,,54 Street,42 Suite,Falls Church,VA,90210,US,Test3
Übermensch496,,Nietzsche496,Friedrich496,,54 Street,42 Suite,Falls Church,VA,90210,US,Test1
Übermensch497,,Nietzsche497,Friedrich497,,54 Street,42 Suite,Falls Church,VA,90210,US,Test2
Übermensch498,,Nietzsche498,Friedrich498,,54 Street,42 Suite,Falls Church,VA,90210,US,Test3
Übermensch499,,Nietzsche499,Friedrich499,,54 Street,42 Suite,Falls Church,VA,90210,US,Test1
Übermensch500,,Nietzsche500,Friedrich500,,54 Street,42 Suite,Falls Church,VA,90210,US,Test2
Übermensch501,,Nietzsche501,Friedrich501,,54 Street,42 Suite,Falls Church,VA,90210,US,Test3
Übermensch502,,Nietzsche502,Friedrich502,,54 Street,42 Suite,Falls Church,VA,90210,US,Test1
Übermensch503,,Nietzsche503,Friedrich503,,54 Street,42 Suite,Falls Church,VA,90210,US,Test2
Übermensch504,,Nietzsche504,Friedrich504,,54 Street,42 Suite,Falls Church,VA,90210,US,Test3
Übermensch505,,Nietzsche505,Friedrich505,,54 Street,42 Suite,Falls Church,VA,90210,US,Test1
Übermensch506,,Nietzsche506,Friedrich506,,54 Street,42 Suite,Falls Church,VA,90210,US,Test2
Übermensch507,,Nietzsche507,Friedrich507,,54 Street,42 Suite,Falls Church,VA,90210,US,Test3
Übermensch508,,Nietzsche508,Friedrich508,,54 Street,42 Suite,Falls Church,VA,90210,US,Test1
Übermensch509,,Nietzsche509,Friedrich509,,54 Street,42 Suite,Falls Church,VA,90210,US,Test2
Übermensch510,,Nietzsche510,Friedrich510,,54 Street,42 Suite,Falls Church,VA,90210,US,Test3
Übermensch511,,Nietzsche511,Friedrich511,,54 Street,42 Suite,Falls Church,VA,90210,US,Test1
Übermensch512,,Nietzsche512,Friedrich512,,54 Street,42 Suite,Falls Church,VA,90210,US,Test2
Übermensch513,,Nietzsche513,Friedrich513,,54 Street,42 Suite,Falls Church,VA,90210,US,Test3
Übermensch514,,Nietzsche514,Friedrich514,,55 Street,43 Suite,Falls Church,VA,90210,US,Test1
Übermensch515,,Nietzsche515,Friedrich515,,55 Street,43 Suite,Falls Church,VA,90210,US,Test2
Übermensch516,,Nietzsche516,Friedrich516,,55 Street,43 Suite,Falls Church,VA,90210,US,Test3
Übermensch517,,Nietzsche517,Friedrich517,,55 Street,43 Suite,Falls Church,VA,90210,US,Test1
Übermensch518,,Nietzsche518,Friedrich518,,55 Street,43 Suite,Falls Church,VA,90210,US,Test2
Übermensch519,,Nietzsche519,Friedrich519,,55 Street,43 Suite,Falls Church,VA,90210,US,Test3
Übermensch520,,Nietzsche520,Friedrich520,,55 Street,43 Suite,Falls Church,VA,90210,US,Test1
Übermensch521,,Nietzsche521,Friedrich521,,55 Street,43 Suite,Falls Church,VA,90210,US,Test2
Übermensch522,,Nietzsche522,Friedrich522,,55 Street,43 Suite,Falls Church,VA,90210,US,Test3
Übermensch523,,Nietzsche523,Friedrich523,,55 Street,43 Suite,Falls Church,VA,90210,US,Test1
Übermensch524,,Nietzsche524,Friedrich524,,55 Street,43 Suite,Falls Church,VA,90210,US,Test2
Übermensch525,,Nietzsche525,Friedrich525,,55 Street,43 Suite,Falls Church,VA,90210,US,Test3
Übermensch526,,Nietzsche526,Friedrich526,,55 Street,43 Suite,Falls Church,VA,90210,US,Test1
Übermensch527,,Nietzsche527,Friedrich527,,55 Street,43 Suite,Falls Church,VA,90210,US,Test2
Übermensch528,,Nietzsche528,Friedrich528,,55 Street,43 Suite,Falls Church,VA,90210,US,Test3
Übermensch529,,Nietzsche529,Friedrich529,,55 Street,43 Suite,Falls Church,VA,90210,US,Test1
Übermensch530,,Nietzsche530,Friedrich530,,55 Street,43 Suite,Falls Church,VA,90210,US,Test2
Übermensch531,,Nietzsche531,Friedrich531,,55 Street,43 Suite,Falls Church,VA,90210,US,Test3
Übermensch532,,Nietzsche532,Friedrich532,,55 Street,43 Suite,Falls Church,VA,90210,US,Test1
Übermensch533,,Nietzsche533,Friedrich533,,55 Street,43 Suite,Falls Church,VA,90210,US,Test2
Übermensch534,,Nietzsche534,Friedrich534,,55 Street,43 Suite,Falls Church,VA,90210,US,Test3
Übermensch535,,Nietzsche535,Friedrich535,,55 Street,43 Suite,Falls Church,VA,90210,US,Test1
Übermensch536,,Nietzsche536,Friedrich536,,55 Street,43 Suite,Falls Church,VA,90210,US,Test2
Übermensch537,,Nietzsche537,Friedrich537,,55 Street,43 Suite,Falls Church,VA,90210,US,Test3
Übermensch538,,Nietzsche538,Friedrich538,,55 Street,43 Suite,Falls Church,VA,90210,US,Test1
Übermensch539,,Nietzsche539,Friedrich539,,55 Street,43 Suite,Falls Church,VA,90210,US,Test2
Übermensch540,,Nietzsche540,Friedrich540,,55 Street,43 Suite,Falls Church,VA,90210,US,Test3
Übermensch541,,Nietzsche541,Friedrich541,,55 Street,43 Suite,Falls Church,VA,90210,US,Test1
Übermensch542,,Nietzsche542,Friedrich542,,55 Street,43 Suite,Falls Church,VA,90210,US,Test2
Übermensch543,,Nietzsche543,Friedrich543,,56 Street,44 Suite,Falls Church,VA,90210,US,Test3
Übermensch544,,Nietzsche544,Friedrich544,,56 Street,44 Suite,Falls Church,VA,90210,US,Test1
Übermensch545,,Nietzsche545,Friedrich545,,56 Street,44 Suite,Falls Church,VA,90210,US,Test2
Übermensch546,,Nietzsche546,Friedrich546,,56 Street,44 Suite,Falls Church,VA,90210,US,Test3
Übermensch547,,Nietzsche547,Friedrich547,,56 Street,44 Suite,Falls Church,VA,90210,US,Test1
Übermensch548,,Nietzsche548,Friedrich548,,56 Street,44 Suite,Falls Church,VA,90210,US,Test2
Übermensch549,,Nietzsche549,Friedrich549,,56 Street,44 Suite,Falls Church,VA,90210,US,Test3
Übermensch550,,Nietzsche550,Friedrich550,,56 Street,44 Suite,Falls Church,VA,90210,US,Test1
Übermensch551,,Nietzsche551,Friedrich551,,56 Street,44 Suite,Falls Church,VA,90210,US,Test2
Übermensch552,,Nietzsche552,Friedrich552,,56 Street,44 Suite,Falls Church,VA,90210,US,Test3
Übermensch553,,Nietzsche553,Friedrich553,,56 Street,44 Suite,Falls Church,VA,90210,US,Test1
Übermensch554,,Nietzsche554,Friedrich554,,56 Street,44 Suite,Falls Church,VA,90210,US,Test2
Übermensch555,,Nietzsche555,Friedrich555,,56 Street,44 Suite,Falls Church,VA,90210,US,Test3
Übermensch556,,Nietzsche556,Friedrich556,,56 Street,44 Suite,Falls Church,VA,90210,US,Test1
Übermensch557,,Nietzsche557,Friedrich557,,56 Street,44 Suite,Falls Church,VA,90210,US,Test2
Übermensch558,,Nietzsche558,Friedrich558,,56 Street,44 Suite,Falls Church,VA,90210,US,Test3
Übermensch559,,Nietzsche559,Friedrich559,,56 Street,44 Suite,Falls Church,VA,90210,US,Test1
Übermensch560,,Nietzsche560,Friedrich560,,56 Street,44 Suite,Falls Church,VA,90210,US,Test2
Übermensch561,,Nietzsche561,Friedrich561,,56 Street,44 Suite,Falls Church,VA,90210,US,Test3
Übermensch562,,Nietzsche562,Friedrich562,,56 Street,44 Suite,Falls Church,VA,90210,US,Test1
Übermensch563,,Nietzsche563,Friedrich563,,56 Street,44 Suite,Falls Church,VA,90210,US,Test2
Übermensch564,,Nietzsche564,Friedrich564,,56 Street,44 Suite,Falls Church,VA,90210,US,Test3
Übermensch565,,Nietzsche565,Friedrich565,,56 Street,44 Suite,Falls Church,VA,90210,US,Test1
Übermensch566,,Nietzsche566,Friedrich566,,56 Street,44 Suite,Falls Church,VA,90210,US,Test2
Übermensch567,,Nietzsche567,Friedrich567,,56 Street,44 Suite,Falls Church,VA,90210,US,Test3
Übermensch568,,Nietzsche568,Friedrich568,,56 Street,44 Suite,Falls Church,VA,90210,US,Test1
Übermensch569,,Nietzsche569,Friedrich569,,56 Street,44 Suite,Falls Church,VA,90210,US,Test2
Übermensch570,,Nietzsche570,Friedrich570,,56 Street,44 Suite,Falls Church,VA,90210,US,Test3
Übermensch571,,Nietzsche571,Friedrich571,,56 Street,44 Suite,Falls Church,VA,90210,US,Test1
Übermensch572,,Nietzsche572,Friedrich572,,57 Street,45 Suite,Falls Church,VA,90210,US,Test2
Übermensch573,,Nietzsche573,Friedrich573,,57 Street,45 Suite,Falls Church,VA,90210,US,Test3
Übermensch574,,Nietzsche574,Friedrich574,,57 Street,45 Suite,Falls Church,VA,90210,US,Test1
Übermensch575,,Nietzsche575,Friedrich575,,57 Street,45 Suite,Falls Church,VA,90210,US,Test2
Übermensch576,,Nietzsche576,Friedrich576,,57 Street,45 Suite,Falls Church,VA,90210,US,Test3
Übermensch577,,Nietzsche577,Friedrich577,,57 Street,45 Suite,Falls Church,VA,90210,US,Test1
Übermensch578,,Nietzsche578,Friedrich578,,57 Street,45 Suite,Falls Church,VA,90210,US,Test2
Übermensch579,,Nietzsche579,Friedrich579,,57 Street,45 Suite,Falls Church,VA,90210,US,Test3
Übermensch580,,Nietzsche580,Friedrich580,,57 Street,45 Suite,Falls Church,VA,90210,US,Test1
Übermensch581,,Nietzsche581,Friedrich581,,57 Street,45 Suite,Falls Church,VA,90210,US,Test2
Übermensch582,,Nietzsche582,Friedrich582,,57 Street,45 Suite,Falls Church,VA,90210,US,Test3
Übermensch583,,Nietzsche583,Friedrich583,,57 Street,45 Suite,Falls Church,VA,90210,US,Test1
Übermensch584,,Nietzsche584,Friedrich584,,57 Street,45 Suite,Falls Church,VA,90210,US,Test2
Übermensch585,,Nietzsche585,Friedrich585,,57 Street,45 Suite,Falls Church,VA,90210,US,Test3
Übermensch586,,Nietzsche586,Friedrich586,,57 Street,45 Suite,Falls Church,VA,90210,US,Test1
Übermensch587,,Nietzsche587,Friedrich587,,57 Street,45 Suite,Falls Church,VA,90210,US,Test2
Übermensch588,,Nietzsche588,Friedrich588,,57 Street,45 Suite,Falls Church,VA,90210,US,Test3
Übermensch589,,Nietzsche589,Friedrich589,,57 Street,45 Suite,Falls Church,VA,90210,US,Test1
Übermensch590,,Nietzsche590,Friedrich590,,57 Street,45 Suite,Falls Church,VA,90210,US,Test2
Übermensch591,,Nietzsche591,Friedrich591,,57 Street,45 Suite,Falls Church,VA,90210,US,Test3
Übermensch592,,Nietzsche592,Friedrich592,,57 Street,45 Suite,Falls Church,VA,90210,US,Test1
Übermensch593,,Nietzsche593,Friedrich593,,57 Street,45 Suite,Falls Church,VA,90210,US,Test2
Übermensch594,,Nietzsche594,Friedrich594,,57 Street,45 Suite,Falls Church,VA,90210,US,Test3
Übermensch595,,Nietzsche595,Friedrich595,,57 Street,45 Suite,Falls Church,VA,90210,US,Test1
Übermensch596,,Nietzsche596,Friedrich596,,57 Street,45 Suite,Falls Church,VA,90210,US,Test2
Übermensch597,,Nietzsche597,Friedrich597,,57 Street,45 Suite,Falls Church,VA,90210,US,Test3
Übermensch598,,Nietzsche598,Friedrich598,,57 Street,45 Suite,Falls Church,VA,90210,US,Test1
Übermensch599,,Nietzsche599,Friedrich599,,57 Street,45 Suite,Falls Church,VA,90210,US,Test2
Übermensch600,,Nietzsche600,Friedrich600,,57 Street,45 Suite,Falls Church,VA,90210,US,Test3
Übermensch601,,Nietzsche601,Friedrich601,,58 Street,46 Suite,Falls Church,VA,90210,US,Test1
Übermensch602,,Nietzsche602,Friedrich602,,58 Street,46 Suite,Falls Church,VA,90210,US,Test2
Übermensch603,,Nietzsche603,Friedrich603,,58 Street,46 Suite,Falls Church,VA,90210,US,Test3
Übermensch604,,Nietzsche604,Friedrich604,,58 Street,46 Suite,Falls Church,VA,90210,US,Test1
Übermensch605,,Nietzsche605,Friedrich605,,58 Street,46 Suite,Falls Church,VA,90210,US,Test2
Übermensch606,,Nietzsche606,Friedrich606,,58 Street,46 Suite,Falls Church,VA,90210,US,Test3
Übermensch607,,Nietzsche607,Friedrich607,,58 Street,46 Suite,Falls Church,VA,90210,US,Test1
Übermensch608,,Nietzsche608,Friedrich608,,58 Street,46 Suite,Falls Church,VA,90210,US,Test2
Übermensch609,,Nietzsche609,Friedrich609,,58 Street,46 Suite,Falls Church,VA,90210,US,Test3
Übermensch610,,Nietzsche610,Friedrich610,,58 Street,46 Suite,Falls Church,VA,90210,US,Test1
Übermensch611,,Nietzsche611,Friedrich611,,58 Street,46 Suite,Falls Church,VA,90210,US,Test2
Übermensch612,,Nietzsche612,Friedrich612,,58 Street,46 Suite,Falls Church,VA,90210,US,Test3
Übermensch613,,Nietzsche613,Friedrich613,,58 Street,46 Suite,Falls Church,VA,90210,US,Test1
Übermensch614,,Nietzsche614,Friedrich614,,58 Street,46 Suite,Falls Church,VA,90210,US,Test2
Übermensch615,,Nietzsche615,Friedrich615,,58 Street,46 Suite,Falls Church,VA,90210,US,Test3
Übermensch616,,Nietzsche616,Friedrich616,,58 Street,46 Suite,Falls Church,VA,90210,US,Test1
Übermensch617,,Nietzsche617,Friedrich617,,58 Street,46 Suite,Falls Church,VA,90210,US,Test2
Übermensch618,,Nietzsche618,Friedrich618,,58 Street,46 Suite,Falls Church,VA,90210,US,Test3
Übermensch619,,Nietzsche619,Friedrich619,,58 Street,46 Suite,Falls Church,VA,90210,US,Test1
Übermensch620,,Nietzsche620,Friedrich620,,58 Street,46 Suite,Falls Church,VA,90210,US,Test2
Übermensch621,,Nietzsche621,Friedrich621,,58 Street,46 Suite,Falls Church,VA,90210,US,Test3
Übermensch622,,Nietzsche622,Friedrich622,,58 Street,46 Suite,Falls Church,VA,90210,US,Test1
Übermensch623,,Nietzsche623,Friedrich623,,58 Street,46 Suite,Falls Church,VA,90210,US,Test2
Übermensch624,,Nietzsche624,Friedrich624,,58 Street,46 Suite,Falls Church,VA,90210,US,Test3
Übermensch625,,Nietzsche625,Friedrich625,,58 Street,46 Suite,Falls Church,VA,90210,US,Test1
Übermensch626,,Nietzsche626,Friedrich626,,58 Street,46 Suite,Falls Church,VA,90210,US,Test2
Übermensch627,,Nietzsche627,Friedrich627,,58 Street,46 Suite,Falls Church,VA,90210,US,Test3
Übermensch628,,Nietzsche628,Friedrich628,,58 Street,46 Suite,Falls Church,VA,90210,US,Test1
Übermensch629,,Nietzsche629,Friedrich629,,58 Street,46 Suite,Falls Church,VA,90210,US,Test2
Übermensch630,,Nietzsche630,Friedrich630,,59 Street,47 Suite,Falls Church,VA,90210,US,Test3
Übermensch631,,Nietzsche631,Friedrich631,,59 Street,47 Suite,Falls Church,VA,90210,US,Test1
Übermensch632,,Nietzsche632,Friedrich632,,59 Street,47 Suite,Falls Church,VA,90210,US,Test2
Übermensch633,,Nietzsche633,Friedrich633,,59 Street,47 Suite,Falls Church,VA,90210,US,Test3
Übermensch634,,Nietzsche634,Friedrich634,,59 Street,47 Suite,Falls Church,VA,90210,US,Test1
Übermensch635,,Nietzsche635,Friedrich635,,59 Street,47 Suite,Falls Church,VA,90210,US,Test2
Übermensch636,,Nietzsche636,Friedrich636,,59 Street,47 Suite,Falls Church,VA,90210,US,Test3
Übermensch637,,Nietzsche637,Friedrich637,,59 Street,47 Suite,Falls Church,VA,90210,US,Test1
Übermensch638,,Nietzsche638,Friedrich638,,59 Street,47 Suite,Falls Church,VA,90210,US,Test2
Übermensch639,,Nietzsche639,Friedrich639,,59 Street,47 Suite,Falls Church,VA,90210,US,Test3
Übermensch640,,Nietzsche640,Friedrich640,,59 Street,47 Suite,Falls Church,VA,90210,US,Test1
Übermensch641,,Nietzsche641,Friedrich641,,59 Street,47 Suite,Falls Church,VA,90210,US,Test2
Übermensch642,,Nietzsche642,Friedrich642,,59 Street,47 Suite,Falls Church,VA,90210,US,Test3
Übermensch643,,Nietzsche643,Friedrich643,,59 Street,47 Suite,Falls Church,VA,90210,US,Test1
Übermensch644,,Nietzsche644,Friedrich644,,59 Street,47 Suite,Falls Church,VA,90210,US,Test2
Übermensch645,,Nietzsche645,Friedrich645,,59 Street,47 Suite,Falls Church,VA,90210,US,Test3
Übermensch646,,Nietzsche646,Friedrich646,,59 Street,47 Suite,Falls Church,VA,90210,US,Test1
Übermensch647,,Nietzsche647,Friedrich647,,59 Street,47 Suite,Falls Church,VA,90210,US,Test2
Übermensch648,,Nietzsche648,Friedrich648,,59 Street,47 Suite,Falls Church,VA,90210,US,Test3
Übermensch649,,Nietzsche649,Friedrich649,,59 Street,47 Suite,Falls Church,VA,90210,US,Test1
Übermensch650,,Nietzsche650,Friedrich650,,59 Street,47 Suite,Falls Church,VA,90210,US,Test2
Übermensch651,,Nietzsche651,Friedrich651,,59 Street,47 Suite,Falls Church,VA,90210,US,Test3
Übermensch652,,Nietzsche652,Friedrich652,,59 Street,47 Suite,Falls Church,VA,90210,US,Test1
Übermensch653,,Nietzsche653,Friedrich653,,59 Street,47 Suite,Falls Church,VA,90210,US,Test2
Übermensch654,,Nietzsche654,Friedrich654,,59 Street,47 Suite,Falls Church,VA,90210,US,Test3
Übermensch655,,Nietzsche655,Friedrich655,,59 Street,47 Suite,Falls Church,VA,90210,US,Test1
Übermensch656,,Nietzsche656,Friedrich656,,59 Street,47 Suite,Falls Church,VA,90210,US,Test2
Übermensch657,,Nietzsche657,Friedrich657,,59 Street,47 Suite,Falls Church,VA,90210,US,Test3
Übermensch658,,Nietzsche658,Friedrich658,,59 Street,47 Suite,Falls Church,VA,90210,US,Test1
Übermensch659,,Nietzsche659,Friedrich659,,60 Street,48 Suite,Falls Church,VA,90210,US,Test2
Übermensch660,,Nietzsche660,Friedrich660,,60 Street,48 Suite,Falls Church,VA,90210,US,Test3
Übermensch661,,Nietzsche661,Friedrich661,,60 Street,48 Suite,Falls Church,VA,90210,US,Test1
Übermensch662,,Nietzsche662,Friedrich662,,60 Street,48 Suite,Falls Church,VA,90210,US,Test2
Übermensch663,,Nietzsche663,Friedrich663,,60 Street,48 Suite,Falls Church,VA,90210,US,Test3
Übermensch664,,Nietzsche664,Friedrich664,,60 Street,48 Suite,Falls Church,VA,90210,US,Test1
Übermensch665,,Nietzsche665,Friedrich665,,60 Street,48 Suite,Falls Church,VA,90210,US,Test2
Übermensch666,,Nietzsche666,Friedrich666,,60 Street,48 Suite,Falls Church,VA,90210,US,Test3
Übermensch667,,Nietzsche667,Friedrich667,,60 Street,48 Suite,Falls Church,VA,90210,US,Test1
Übermensch668,,Nietzsche668,Friedrich668,,60 Street,48 Suite,Falls Church,VA,90210,US,Test2
Übermensch669,,Nietzsche669,Friedrich669,,60 Street,48 Suite,Falls Church,VA,90210,US,Test3
Übermensch670,,Nietzsche670,Friedrich670,,60 Street,48 Suite,Falls Church,VA,90210,US,Test1
Übermensch671,,Nietzsche671,Friedrich671,,60 Street,48 Suite,Falls Church,VA,90210,US,Test2
Übermensch672,,Nietzsche672,Friedrich672,,60 Street,48 Suite,Falls Church,VA,90210,US,Test3
Übermensch673,,Nietzsche673,Friedrich673,,60 Street,48 Suite,Falls Church,VA,90210,US,Test1
Übermensch674,,Nietzsche674,Friedrich674,,60 Street,48 Suite,Falls Church,VA,90210,US,Test2
Übermensch675,,Nietzsche675,Friedrich675,,60 Street,48 Suite,Falls Church,VA,90210,US,Test3
Übermensch676,,Nietzsche676,Friedrich676,,60 Street,48 Suite,Falls Church,VA,90210,US,Test1
Übermensch677,,Nietzsche677,Friedrich677,,60 Street,48 Suite,Falls Church,VA,90210,US,Test2
Übermensch678,,Nietzsche678,Friedrich678,,60 Street,48 Suite,Falls Church,VA,90210,US,Test3
Übermensch679,,Nietzsche679,Friedrich679,,60 Street,48 Suite,Falls Church,VA,90210,US,Test1
Übermensch680,,Nietzsche680,Friedrich680,,60 Street,48 Suite,Falls Church,VA,90210,US,Test2
Übermensch681,,Nietzsche681,Friedrich681,,60 Street,48 Suite,Falls Church,VA,90210,US,Test3
Übermensch682,,Nietzsche682,Friedrich682,,60 Street,48 Suite,Falls Church,VA,90210,US,Test1
Übermensch683,,Nietzsche683,Friedrich683,,60 Street,48 Suite,Falls Church,VA,90210,US,Test2
Übermensch684,,Nietzsche684,Friedrich684,,60 Street,48 Suite,Falls Church,VA,90210,US,Test3
Übermensch685,,Nietzsche685,Friedrich685,,60 Street,48 Suite,Falls Church,VA,90210,US,Test1
Übermensch686,,Nietzsche686,Friedrich686,,60 Street,48 Suite,Falls Church,VA,90210,US,Test2
Übermensch687,,Nietzsche687,Friedrich687,,60 Street,48 Suite,Falls Church,VA,90210,US,Test3
Übermensch688,,Nietzsche688,Friedrich688,,61 Street,49 Suite,Falls Church,VA,90210,US,Test1
Übermensch689,,Nietzsche689,Friedrich689,,61 Street,49 Suite,Falls Church,VA,90210,US,Test2
Übermensch690,,Nietzsche690,Friedrich690,,61 Street,49 Suite,Falls Church,VA,90210,US,Test3
Übermensch691,,Nietzsche691,Friedrich691,,61 Street,49 Suite,Falls Church,VA,90210,US,Test1
Übermensch692,,Nietzsche692,Friedrich692,,61 Street,49 Suite,Falls Church,VA,90210,US,Test2
Übermensch693,,Nietzsche693,Friedrich693,,61 Street,49 Suite,Falls Church,VA,90210,US,Test3
Übermensch694,,Nietzsche694,Friedrich694,,61 Street,49 Suite,Falls Church,VA,90210,US,Test1
Übermensch695,,Nietzsche695,Friedrich695,,61 Street,49 Suite,Falls Church,VA,90210,US,Test2
Übermensch696,,Nietzsche696,Friedrich696,,61 Street,49 Suite,Falls Church,VA,90210,US,Test3
Übermensch697,,Nietzsche697,Friedrich697,,61 Street,49 Suite,Falls Church,VA,90210,US,Test1
Übermensch698,,Nietzsche698,Friedrich698,,61 Street,49 Suite,Falls Church,VA,90210,US,Test2
Übermensch699,,Nietzsche699,Friedrich699,,61 Street,49 Suite,Falls Church,VA,90210,US,Test3
Übermensch700,,Nietzsche700,Friedrich700,,61 Street,49 Suite,Falls Church,VA,90210,US,Test1
Übermensch701,,Nietzsche701,Friedrich701,,61 Street,49 Suite,Falls Church,VA,90210,US,Test2
Übermensch702,,Nietzsche702,Friedrich702,,61 Street,49 Suite,Falls Church,VA,90210,US,Test3
Übermensch703,,Nietzsche703,Friedrich703,,61 Street,49 Suite,Falls Church,VA,90210,US,Test1
Übermensch704,,Nietzsche704,Friedrich704,,61 Street,49 Suite,Falls Church,VA,90210,US,Test2
Übermensch705,,Nietzsche705,Friedrich705,,61 Street,49 Suite,Falls Church,VA,90210,US,Test3
Übermensch706,,Nietzsche706,Friedrich706,,61 Street,49 Suite,Falls Church,VA,90210,US,Test1
Übermensch707,,Nietzsche707,Friedrich707,,61 Street,49 Suite,Falls Church,VA,90210,US,Test2
Übermensch708,,Nietzsche708,Friedrich708,,61 Street,49 Suite,Falls Church,VA,90210,US,Test3
Übermensch709,,Nietzsche709,Friedrich709,,61 Street,49 Suite,Falls Church,VA,90210,US,Test1
Übermensch710,,Nietzsche710,Friedrich710,,61 Street,49 Suite,Falls Church,VA,90210,US,Test2
Übermensch711,,Nietzsche711,Friedrich711,,61 Street,49 Suite,Falls Church,VA,90210,US,Test3
Übermensch712,,Nietzsche712,Friedrich712,,61 Street,49 Suite,Falls Church,VA,90210,US,Test1
Übermensch713,,Nietzsche713,Friedrich713,,61 Street,49 Suite,Falls Church,VA,90210,US,Test2
Übermensch714,,Nietzsche714,Friedrich714,,61 Street,49 Suite,Falls Church,VA,90210,US,Test3
Übermensch715,,Nietzsche715,Friedrich715,,61 Street,49 Suite,Falls Church,VA,90210,US,Test1
Übermensch716,,Nietzsche716,Friedrich716,,61 Street,49 Suite,Falls Church,VA,90210,US,Test2
Übermensch717,,Nietzsche717,Friedrich717,,62 Street,50 Suite,Falls Church,VA,90210,US,Test3
Übermensch718,,Nietzsche718,Friedrich718,,62 Street,50 Suite,Falls Church,VA,90210,US,Test1
Übermensch719,,Nietzsche719,Friedrich719,,62 Street,50 Suite,Falls Church,VA,90210,US,Test2
Übermensch720,,Nietzsche720,Friedrich720,,62 Street,50 Suite,Falls Church,VA,90210,US,Test3
Übermensch721,,Nietzsche721,Friedrich721,,62 Street,50 Suite,Falls Church,VA,90210,US,Test1
Übermensch722,,Nietzsche722,Friedrich722,,62 Street,50 Suite,Falls Church,VA,90210,US,Test2
Übermensch723,,Nietzsche723,Friedrich723,,62 Street,50 Suite,Falls Church,VA,90210,US,Test3
Übermensch724,,Nietzsche724,Friedrich724,,62 Street,50 Suite,Falls Church,VA,90210,US,Test1
Übermensch725,,Nietzsche725,Friedrich725,,62 Street,50 Suite,Falls Church,VA,90210,US,Test2
Übermensch726,,Nietzsche726,Friedrich726,,62 Street,50 Suite,Falls Church,VA,90210,US,Test3
Übermensch727,,Nietzsche727,Friedrich727,,62 Street,50 Suite,Falls Church,VA,90210,US,Test1
Übermensch728,,Nietzsche728,Friedrich728,,62 Street,50 Suite,Falls Church,VA,90210,US,Test2
Übermensch729,,Nietzsche729,Friedrich729,,62 Street,50 Suite,Falls Church,VA,90210,US,Test3
Übermensch730,,Nietzsche730,Friedrich730,,62 Street,50 Suite,Falls Church,VA,90210,US,Test1
Übermensch731,,Nietzsche731,Friedrich731,,62 Street,50 Suite,Falls Church,VA,90210,US,Test2
Übermensch732,,Nietzsche732,Friedrich732,,62 Street,50 Suite,Falls Church,VA,90210,US,Test3
Übermensch733,,Nietzsche733,Friedrich733,,62 Street,50 Suite,Falls Church,VA,90210,US,Test1
Übermensch734,,Nietzsche734,Friedrich734,,62 Street,50 Suite,Falls Church,VA,90210,US,Test2
Übermensch735,,Nietzsche735,Friedrich735,,62 Street,50 Suite,Falls Church,VA,90210,US,Test3
Übermensch736,,Nietzsche736,Friedrich736,,62 Street,50 Suite,Falls Church,VA,90210,US,Test1
Übermensch737,,Nietzsche737,Friedrich737,,62 Street,50 Suite,Falls Church,VA,90210,US,Test2
Übermensch738,,Nietzsche738,Friedrich738,,62 Street,50 Suite,Falls Church,VA,90210,US,Test3
Übermensch739,,Nietzsche739,Friedrich739,,62 Street,50 Suite,Falls Church,VA,90210,US,Test1
Übermensch740,,Nietzsche740,Friedrich740,,62 Street,50 Suite,Falls Church,VA,90210,US,Test2
Übermensch741,,Nietzsche741,Friedrich741,,62 Street,50 Suite,Falls Church,VA,90210,US,Test3
Übermensch742,,Nietzsche742,Friedrich742,,62 Street,50 Suite,Falls Church,VA,90210,US,Test1
Übermensch743,,Nietzsche743,Friedrich743,,62 Street,50 Suite,Falls Church,VA,90210,US,Test2
Übermensch744,,Nietzsche744,Friedrich744,,62 Street,50 Suite,Falls Church,VA,90210,US,Test3
Übermensch745,,Nietzsche745,Friedrich745,,62 Street,50 Suite,Falls Church,VA,90210,US,Test1
Übermensch746,,Nietzsche746,Friedrich746,,63 Street,51 Suite,Falls Church,VA,90210,US,Test2
Übermensch747,,Nietzsche747,Friedrich747,,63 Street,51 Suite,Falls Church,VA,90210,US,Test3
Übermensch748,,Nietzsche748,Friedrich748,,63 Street,51 Suite,Falls Church,VA,90210,US,Test1
Übermensch749,,Nietzsche749,Friedrich749,,63 Street,51 Suite,Falls Church,VA,90210,US,Test2
Übermensch750,,Nietzsche750,Friedrich750,,63 Street,51 Suite,Falls Church,VA,90210,US,Test3
Übermensch751,,Nietzsche751,Friedrich751,,63 Street,51 Suite,Falls Church,VA,90210,US,Test1
Übermensch752,,Nietzsche752,Friedrich752,,63 Street,51 Suite,Falls Church,VA,90210,US,Test2
Übermensch753,,Nietzsche753,Friedrich753,,63 Street,51 Suite,Falls Church,VA,90210,US,Test3
Übermensch754,,Nietzsche754,Friedrich754,,63 Street,51 Suite,Falls Church,VA,90210,US,Test1
Übermensch755,,Nietzsche755,Friedrich755,,63 Street,51 Suite,Falls Church,VA,90210,US,Test2
Übermensch756,,Nietzsche756,Friedrich756,,63 Street,51 Suite,Falls Church,VA,90210,US,Test3
Übermensch757,,Nietzsche757,Friedrich757,,63 Street,51 Suite,Falls Church,VA,90210,US,Test1
Übermensch758,,Nietzsche758,Friedrich758,,63 Street,51 Suite,Falls Church,VA,90210,US,Test2
Übermensch759,,Nietzsche759,Friedrich759,,63 Street,51 Suite,Falls Church,VA,90210,US,Test3
Übermensch760,,Nietzsche760,Friedrich760,,63 Street,51 Suite,Falls Church,VA,90210,US,Test1
Übermensch761,,Nietzsche761,Friedrich761,,63 Street,51 Suite,Falls Church,VA,90210,US,Test2
Übermensch762,,Nietzsche762,Friedrich762,,63 Street,51 Suite,Falls Church,VA,90210,US,Test3
Übermensch763,,Nietzsche763,Friedrich763,,63 Street,51 Suite,Falls Church,VA,90210,US,Test1
Übermensch764,,Nietzsche764,Friedrich764,,63 Street,51 Suite,Falls Church,VA,90210,US,Test2
Übermensch765,,Nietzsche765,Friedrich765,,63 Street,51 Suite,Falls Church,VA,90210,US,Test3
Übermensch766,,Nietzsche766,Friedrich766,,63 Street,51 Suite,Falls Church,VA,90210,US,Test1
Übermensch767,,Nietzsche767,Friedrich767,,63 Street,51 Suite,Falls Church,VA,90210,US,Test2
Übermensch768,,Nietzsche768,Friedrich768,,63 Street,51 Suite,Falls Church,VA,90210,US,Test3
Übermensch769,,Nietzsche769,Friedrich769,,63 Street,51 Suite,Falls Church,VA,90210,US,Test1
Übermensch770,,Nietzsche770,Friedrich770,,63 Street,51 Suite,Falls Church,VA,90210,US,Test2
Übermensch771,,Nietzsche771,Friedrich771,,63 Street,51 Suite,Falls Church,VA,90210,US,Test3
Übermensch772,,Nietzsche772,Friedrich772,,63 Street,51 Suite,Falls Church,VA,90210,US,Test1
Übermensch773,,Nietzsche773,Friedrich773,,63 Street,51 Suite,Falls Church,VA,90210,US,Test2
Übermensch774,,Nietzsche774,Friedrich774,,63 Street,51 Suite,Falls Church,VA,90210,US,Test3
Übermensch775,,Nietzsche775,Friedrich775,,64 Street,52 Suite,Falls Church,VA,90210,US,Test1
Übermensch776,,Nietzsche776,Friedrich776,,64 Street,52 Suite,Falls Church,VA,90210,US,Test2
Übermensch777,,Nietzsche777,Friedrich777,,64 Street,52 Suite,Falls Church,VA,90210,US,Test3
Übermensch778,,Nietzsche778,Friedrich778,,64 Street,52 Suite,Falls Church,VA,90210,US,Test1
Übermensch779,,Nietzsche779,Friedrich779,,64 Street,52 Suite,Falls Church,VA,90210,US,Test2
Übermensch780,,Nietzsche780,Friedrich780,,64 Street,52 Suite,Falls Church,VA,90210,US,Test3
Übermensch781,,Nietzsche781,Friedrich781,,64 Street,52 Suite,Falls Church,VA,90210,US,Test1
Übermensch782,,Nietzsche782,Friedrich782,,64 Street,52 Suite,Falls Church,VA,90210,US,Test2
Übermensch783,,Nietzsche783,Friedrich783,,64 Street,52 Suite,Falls Church,VA,90210,US,Test3
Übermensch784,,Nietzsche784,Friedrich784,,64 Street,52 Suite,Falls Church,VA,90210,US,Test1
Übermensch785,,Nietzsche785,Friedrich785,,64 Street,52 Suite,Falls Church,VA,90210,US,Test2
Übermensch786,,Nietzsche786,Friedrich786,,64 Street,52 Suite,Falls Church,VA,90210,US,Test3
Übermensch787,,Nietzsche787,Friedrich787,,64 Street,52 Suite,Falls Church,VA,90210,US,Test1
Übermensch788,,Nietzsche788,Friedrich788,,64 Street,52 Suite,Falls Church,VA,90210,US,Test2
Übermensch789,,Nietzsche789,Friedrich789,,64 Street,52 Suite,Falls Church,VA,90210,US,Test3
Übermensch790,,Nietzsche790,Friedrich790,,64 Street,52 Suite,Falls Church,VA,90210,US,Test1
Übermensch791,,Nietzsche791,Friedrich791,,64 Street,52 Suite,Falls Church,VA,90210,US,Test2
Übermensch792,,Nietzsche792,Friedrich792,,64 Street,52 Suite,Falls Church,VA,90210,US,Test3
Übermensch793,,Nietzsche793,Friedrich793,,64 Street,52 Suite,Falls Church,VA,90210,US,Test1
Übermensch794,,Nietzsche794,Friedrich794,,64 Street,52 Suite,Falls Church,VA,90210,US,Test2
Übermensch795,,Nietzsche795,Friedrich795,,64 Street,52 Suite,Falls Church,VA,90210,US,Test3
Übermensch796,,Nietzsche796,Friedrich796,,64 Street,52 Suite,Falls Church,VA,90210,US,Test1
Übermensch797,,Nietzsche797,Friedrich797,,64 Street,52 Suite,Falls Church,VA,90210,US,Test2
Übermensch798,,Nietzsche798,Friedrich798,,64 Street,52 Suite,Falls Church,VA,90210,US,Test3
Übermensch799,,Nietzsche799,Friedrich799,,64 Street,52 Suite,Falls Church,VA,90210,US,Test1
Übermensch800,,Nietzsche800,Friedrich800,,64 Street,52 Suite,Falls Church,VA,90210,US,Test2
Übermensch801,,Nietzsche801,Friedrich801,,64 Street,52 Suite,Falls Church,VA,90210,US,Test3
Übermensch802,,Nietzsche802,Friedrich802,,64 Street,52 Suite,Falls Church,VA,90210,US,Test1
Übermensch803,,Nietzsche803,Friedrich803,,64 Street,52 Suite,Falls Church,VA,90210,US,Test2
Übermensch804,,Nietzsche804,Friedrich804,,65 Street,53 Suite,Falls Church,VA,90210,US,Test3
Übermensch805,,Nietzsche805,Friedrich805,,65 Street,53 Suite,Falls Church,VA,90210,US,Test1
Übermensch806,,Nietzsche806,Friedrich806,,65 Street,53 Suite,Falls Church,VA,90210,US,Test2
Übermensch807,,Nietzsche807,Friedrich807,,65 Street,53 Suite,Falls Church,VA,90210,US,Test3
Übermensch808,,Nietzsche808,Friedrich808,,65 Street,53 Suite,Falls Church,VA,90210,US,Test1
Übermensch809,,Nietzsche809,Friedrich809,,65 Street,53 Suite,Falls Church,VA,90210,US,Test2
Übermensch810,,Nietzsche810,Friedrich810,,65 Street,53 Suite,Falls Church,VA,90210,US,Test3
Übermensch811,,Nietzsche811,Friedrich811,,65 Street,53 Suite,Falls Church,VA,90210,US,Test1
Übermensch812,,Nietzsche812,Friedrich812,,65 Street,53 Suite,Falls Church,VA,90210,US,Test2
Übermensch813,,Nietzsche813,Friedrich813,,65 Street,53 Suite,Falls Church,VA,90210,US,Test3
Übermensch814,,Nietzsche814,Friedrich814,,65 Street,53 Suite,Falls Church,VA,90210,US,Test1
Übermensch815,,Nietzsche815,Friedrich815,,65 Street,53 Suite,Falls Church,VA,90210,US,Test2
Übermensch816,,Nietzsche816,Friedrich816,,65 Street,53 Suite,Falls Church,VA,90210,US,Test3
Übermensch817,,Nietzsche817,Friedrich817,,65 Street,53 Suite,Falls Church,VA,90210,US,Test1
Übermensch818,,Nietzsche818,Friedrich818,,65 Street,53 Suite,Falls Church,VA,90210,US,Test2
Übermensch819,,Nietzsche819,Friedrich819,,65 Street,53 Suite,Falls Church,VA,90210,US,Test3
Übermensch820,,Nietzsche820,Friedrich820,,65 Street,53 Suite,Falls Church,VA,90210,US,Test1
Übermensch821,,Nietzsche821,Friedrich821,,65 Street,53 Suite,Falls Church,VA,90210,US,Test2
Übermensch822,,Nietzsche822,Friedrich822,,65 Street,53 Suite,Falls Church,VA,90210,US,Test3
Übermensch823,,Nietzsche823,Friedrich823,,65 Street,53 Suite,Falls Church,VA,90210,US,Test1
Übermensch824,,Nietzsche824,Friedrich824,,65 Street,53 Suite,Falls Church,VA,90210,US,Test2
Übermensch825,,Nietzsche825,Friedrich825,,65 Street,53 Suite,Falls Church,VA,90210,US,Test3
Übermensch826,,Nietzsche826,Friedrich826,,65 Street,53 Suite,Falls Church,VA,90210,US,Test1
Übermensch827,,Nietzsche827,Friedrich827,,65 Street,53 Suite,Falls Church,VA,90210,US,Test2
Übermensch828,,Nietzsche828,Friedrich828,,65 Street,53 Suite,Falls Church,VA,90210,US,Test3
Übermensch829,,Nietzsche829,Friedrich829,,65 Street,53 Suite,Falls Church,VA,90210,US,Test1
Übermensch830,,Nietzsche830,Friedrich830,,65 Street,53 Suite,Falls Church,VA,90210,US,Test2
Übermensch831,,Nietzsche831,Friedrich831,,65 Street,53 Suite,Falls Church,VA,90210,US,Test3
Übermensch832,,Nietzsche832,Friedrich832,,65 Street,53 Suite,Falls Church,VA,90210,US,Test1
Übermensch833,,Nietzsche833,Friedrich833,,66 Street,54 Suite,Falls Church,VA,90210,US,Test2
Übermensch834,,Nietzsche834,Friedrich834,,66 Street,54 Suite,Falls Church,VA,90210,US,Test3
Übermensch835,,Nietzsche835,Friedrich835,,66 Street,54 Suite,Falls Church,VA,90210,US,Test1
Übermensch836,,Nietzsche836,Friedrich836,,66 Street,54 Suite,Falls Church,VA,90210,US,Test2
Übermensch837,,Nietzsche837,Friedrich837,,66 Street,54 Suite,Falls Church,VA,90210,US,Test3
Übermensch838,,Nietzsche838,Friedrich838,,66 Street,54 Suite,Falls Church,VA,90210,US,Test1
Übermensch839,,Nietzsche839,Friedrich839,,66 Street,54 Suite,Falls Church,VA,90210,US,Test2
Übermensch840,,Nietzsche840,Friedrich840,,66 Street,54 Suite,Falls Church,VA,90210,US,Test3
Übermensch841,,Nietzsche841,Friedrich841,,66 Street,54 Suite,Falls Church,VA,90210,US,Test1
Übermensch842,,Nietzsche842,Friedrich842,,66 Street,54 Suite,Falls Church,VA,90210,US,Test2
Übermensch843,,Nietzsche843,Friedrich843,,66 Street,54 Suite,Falls Church,VA,90210,US,Test3
Übermensch844,,Nietzsche844,Friedrich844,,66 Street,54 Suite,Falls Church,VA,90210,US,Test1
Übermensch845,,Nietzsche845,Friedrich845,,66 Street,54 Suite,Falls Church,VA,90210,US,Test2
Übermensch846,,Nietzsche846,Friedrich846,,66 Street,54 Suite,Falls Church,VA,90210,US,Test3
Übermensch847,,Nietzsche847,Friedrich847,,66 Street,54 Suite,Falls Church,VA,90210,US,Test1
Übermensch848,,Nietzsche848,Friedrich848,,66 Street,54 Suite,Falls Church,VA,90210,US,Test2
Übermensch849,,Nietzsche849,Friedrich849,,66 Street,54 Suite,Falls Church,VA,90210,US,Test3
Übermensch850,,Nietzsche850,Friedrich850,,66 Street,54 Suite,Falls Church,VA,90210,US,Test1
Übermensch851,,Nietzsche851,Friedrich851,,66 Street,54 Suite,Falls Church,VA,90210,US,Test2
Übermensch852,,Nietzsche852,Friedrich852,,66 Street,54 Suite,Falls Church,VA,90210,US,Test3
Übermensch853,,Nietzsche853,Friedrich853,,66 Street,54 Suite,Falls Church,VA,90210,US,Test1
Übermensch854,,Nietzsche854,Friedrich854,,66 Street,54 Suite,Falls Church,VA,90210,US,Test2
Übermensch855,,Nietzsche855,Friedrich855,,66 Street,54 Suite,Falls Church,VA,90210,US,Test3
Übermensch856,,Nietzsche856,Friedrich856,,66 Street,54 Suite,Falls Church,VA,90210,US,Test1
Übermensch857,,Nietzsche857,Friedrich857,,66 Street,54 Suite,Falls Church,VA,90210,US,Test2
Übermensch858,,Nietzsche858,Friedrich858,,66 Street,54 Suite,Falls Church,VA,90210,US,Test3
Übermensch859,,Nietzsche859,Friedrich859,,66 Street,54 Suite,Falls Church,VA,90210,US,Test1
Übermensch860,,Nietzsche860,Friedrich860,,66 Street,54 Suite,Falls Church,VA,90210,US,Test2
Übermensch861,,Nietzsche861,Friedrich861,,66 Street,54 Suite,Falls Church,VA,90210,US,Test3
Übermensch862,,Nietzsche862,Friedrich862,,67 Street,55 Suite,Falls Church,VA,90210,US,Test1
Übermensch863,,Nietzsche863,Friedrich863,,67 Street,55 Suite,Falls Church,VA,90210,US,Test2
Übermensch864,,Nietzsche864,Friedrich864,,67 Street,55 Suite,Falls Church,VA,90210,US,Test3
Übermensch865,,Nietzsche865,Friedrich865,,67 Street,55 Suite,Falls Church,VA,90210,US,Test1
Übermensch866,,Nietzsche866,Friedrich866,,67 Street,55 Suite,Falls Church,VA,90210,US,Test2
Übermensch867,,Nietzsche867,Friedrich867,,67 Street,55 Suite,Falls Church,VA,90210,US,Test3
Übermensch868,,Nietzsche868,Friedrich868,,67 Street,55 Suite,Falls Church,VA,90210,US,Test1
Übermensch869,,Nietzsche869,Friedrich869,,67 Street,55 Suite,Falls Church,VA,90210,US,Test2
Übermensch870,,Nietzsche870,Friedrich870,,67 Street,55 Suite,Falls Church,VA,90210,US,Test3
Übermensch871,,Nietzsche871,Friedrich871,,67 Street,55 Suite,Falls Church,VA,90210,US,Test1
Übermensch872,,Nietzsche872,Friedrich872,,67 Street,55 Suite,Falls Church,VA,90210,US,Test2
Übermensch873,,Nietzsche873,Friedrich873,,67 Street,55 Suite,Falls Church,VA,90210,US,Test3
Übermensch874,,Nietzsche874,Friedrich874,,67 Street,55 Suite,Falls Church,VA,90210,US,Test1
Übermensch875,,Nietzsche875,Friedrich875,,67 Street,55 Suite,Falls Church,VA,90210,US,Test2
Übermensch876,,Nietzsche876,Friedrich876,,67 Street,55 Suite,Falls Church,VA,90210,US,Test3
Übermensch877,,Nietzsche877,Friedrich877,,67 Street,55 Suite,Falls Church,VA,90210,US,Test1
Übermensch878,,Nietzsche878,Friedrich878,,67 Street,55 Suite,Falls Church,VA,90210,US,Test2
Übermensch879,,Nietzsche879,Friedrich879,,67 Street,55 Suite,Falls Church,VA,90210,US,Test3
Übermensch880,,Nietzsche880,Friedrich880,,67 Street,55 Suite,Falls Church,VA,90210,US,Test1
Übermensch881,,Nietzsche881,Friedrich881,,67 Street,55 Suite,Falls Church,VA,90210,US,Test2
Übermensch882,,Nietzsche882,Friedrich882,,67 Street,55 Suite,Falls Church,VA,90210,US,Test3
Übermensch883,,Nietzsche883,Friedrich883,,67 Street,55 Suite,Falls Church,VA,90210,US,Test1
Übermensch884,,Nietzsche884,Friedrich884,,67 Street,55 Suite,Falls Church,VA,90210,US,Test2
Übermensch885,,Nietzsche885,Friedrich885,,67 Street,55 Suite,Falls Church,VA,90210,US,Test3
Übermensch886,,Nietzsche886,Friedrich886,,67 Street,55 Suite,Falls Church,VA,90210,US,Test1
Übermensch887,,Nietzsche887,Friedrich887,,67 Street,55 Suite,Falls Church,VA,90210,US,Test2
Übermensch888,,Nietzsche888,Friedrich888,,67 Street,55 Suite,Falls Church,VA,90210,US,Test3
Übermensch889,,Nietzsche889,Friedrich889,,67 Street,55 Suite,Falls Church,VA,90210,US,Test1
Übermensch890,,Nietzsche890,Friedrich890,,67 Street,55 Suite,Falls Church,VA,90210,US,Test2
Übermensch891,,Nietzsche891,Friedrich891,,68 Street,56 Suite,Falls Church,VA,90210,US,Test3
Übermensch892,,Nietzsche892,Friedrich892,,68 Street,56 Suite,Falls Church,VA,90210,US,Test1
Übermensch893,,Nietzsche893,Friedrich893,,68 Street,56 Suite,Falls Church,VA,90210,US,Test2
Übermensch894,,Nietzsche894,Friedrich894,,68 Street,56 Suite,Falls Church,VA,90210,US,Test3
Übermensch895,,Nietzsche895,Friedrich895,,68 Street,56 Suite,Falls Church,VA,90210,US,Test1
Übermensch896,,Nietzsche896,Friedrich896,,68 Street,56 Suite,Falls Church,VA,90210,US,Test2
Übermensch897,,Nietzsche897,Friedrich897,,68 Street,56 Suite,Falls Church,VA,90210,US,Test3
Übermensch898,,Nietzsche898,Friedrich898,,68 Street,56 Suite,Falls Church,VA,90210,US,Test1
Übermensch899,,Nietzsche899,Friedrich899,,68 Street,56 Suite,Falls Church,VA,90210,US,Test2
Übermensch900,,Nietzsche900,Friedrich900,,68 Street,56 Suite,Falls Church,VA,90210,US,Test3
Übermensch901,,Nietzsche901,Friedrich901,,68 Street,56 Suite,Falls Church,VA,90210,US,Test1
Übermensch902,,Nietzsche902,Friedrich902,,68 Street,56 Suite,Falls Church,VA,90210,US,Test2
Übermensch903,,Nietzsche903,Friedrich903,,68 Street,56 Suite,Falls Church,VA,90210,US,Test3
Übermensch904,,Nietzsche904,Friedrich904,,68 Street,56 Suite,Falls Church,VA,90210,US,Test1
Übermensch905,,Nietzsche905,Friedrich905,,68 Street,56 Suite,Falls Church,VA,90210,US,Test2
Übermensch906,,Nietzsche906,Friedrich906,,68 Street,56 Suite,Falls Church,VA,90210,US,Test3
Übermensch907,,Nietzsche907,Friedrich907,,68 Street,56 Suite,Falls Church,VA,90210,US,Test1
Übermensch908,,Nietzsche908,Friedrich908,,68 Street,56 Suite,Falls Church,VA,90210,US,Test2
Übermensch909,,Nietzsche909,Friedrich909,,68 Street,56 Suite,Falls Church,VA,90210,US,Test3
Übermensch910,,Nietzsche910,Friedrich910,,68 Street,56 Suite,Falls Church,VA,90210,US,Test1
Übermensch911,,Nietzsche911,Friedrich911,,68 Street,56 Suite,Falls Church,VA,90210,US,Test2
Übermensch912,,Nietzsche912,Friedrich912,,68 Street,56 Suite,Falls Church,VA,90210,US,Test3
Übermensch913,,Nietzsche913,Friedrich913,,68 Street,56 Suite,Falls Church,VA,90210,US,Test1
Übermensch914,,Nietzsche914,Friedrich914,,68 Street,56 Suite,Falls Church,VA,90210,US,Test2
Übermensch915,,Nietzsche915,Friedrich915,,68 Street,56 Suite,Falls Church,VA,90210,US,Test3
Übermensch916,,Nietzsche916,Friedrich916,,68 Street,56 Suite,Falls Church,VA,90210,US,Test1
Übermensch917,,Nietzsche917,Friedrich917,,68 Street,56 Suite,Falls Church,VA,90210,US,Test2
Übermensch918,,Nietzsche918,Friedrich918,,68 Street,56 Suite,Falls Church,VA,90210,US,Test3
Übermensch919,,Nietzsche919,Friedrich919,,68 Street,56 Suite,Falls Church,VA,90210,US,Test1
Übermensch920,,Nietzsche920,Friedrich920,,69 Street,57 Suite,Falls Church,VA,90210,US,Test2
Übermensch921,,Nietzsche921,Friedrich921,,69 Street,57 Suite,Falls Church,VA,90210,US,Test3
Übermensch922,,Nietzsche922,Friedrich922,,69 Street,57 Suite,Falls Church,VA,90210,US,Test1
Übermensch923,,Nietzsche923,Friedrich923,,69 Street,57 Suite,Falls Church,VA,90210,US,Test2
Übermensch924,,Nietzsche924,Friedrich924,,69 Street,57 Suite,Falls Church,VA,90210,US,Test3
Übermensch925,,Nietzsche925,Friedrich925,,69 Street,57 Suite,Falls Church,VA,90210,US,Test1
Übermensch926,,Nietzsche926,Friedrich926,,69 Street,57 Suite,Falls Church,VA,90210,US,Test2
Übermensch927,,Nietzsche927,Friedrich927,,69 Street,57 Suite,Falls Church,VA,90210,US,Test3
Übermensch928,,Nietzsche928,Friedrich928,,69 Street,57 Suite,Falls Church,VA,90210,US,Test1
Übermensch929,,Nietzsche929,Friedrich929,,69 Street,57 Suite,Falls Church,VA,90210,US,Test2
Übermensch930,,Nietzsche930,Friedrich930,,69 Street,57 Suite,Falls Church,VA,90210,US,Test3
Übermensch931,,Nietzsche931,Friedrich931,,69 Street,57 Suite,Falls Church,VA,90210,US,Test1
Übermensch932,,Nietzsche932,Friedrich932,,69 Street,57 Suite,Falls Church,VA,90210,US,Test2
Übermensch933,,Nietzsche933,Friedrich933,,69 Street,57 Suite,Falls Church,VA,90210,US,Test3
Übermensch934,,Nietzsche934,Friedrich934,,69 Street,57 Suite,Falls Church,VA,90210,US,Test1
Übermensch935,,Nietzsche935,Friedrich935,,69 Street,57 Suite,Falls Church,VA,90210,US,Test2
Übermensch936,,Nietzsche936,Friedrich936,,69 Street,57 Suite,Falls Church,VA,90210,US,Test3
Übermensch937,,Nietzsche937,Friedrich937,,69 Street,57 Suite,Falls Church,VA,90210,US,Test1
Übermensch938,,Nietzsche938,Friedrich938,,69 Street,57 Suite,Falls Church,VA,90210,US,Test2
Übermensch939,,Nietzsche939,Friedrich939,,69 Street,57 Suite,Falls Church,VA,90210,US,Test3
Übermensch940,,Nietzsche940,Friedrich940,,69 Street,57 Suite,Falls Church,VA,90210,US,Test1
Übermensch941,,Nietzsche941,Friedrich941,,69 Street,57 Suite,Falls Church,VA,90210,US,Test2
Übermensch942,,Nietzsche942,Friedrich942,,69 Street,57 Suite,Falls Church,VA,90210,US,Test3
Übermensch943,,Nietzsche943,Friedrich943,,69 Street,57 Suite,Falls Church,VA,90210,US,Test1
Übermensch944,,Nietzsche944,Friedrich944,,69 Street,57 Suite,Falls Church,VA,90210,US,Test2
Übermensch945,,Nietzsche945,Friedrich945,,69 Street,57 Suite,Falls Church,VA,90210,US,Test3
Übermensch946,,Nietzsche946,Friedrich946,,69 Street,57 Suite,Falls Church,VA,90210,US,Test1
Übermensch947,,Nietzsche947,Friedrich947,,69 Street,57 Suite,Falls Church,VA,90210,US,Test2
Übermensch948,,Nietzsche948,Friedrich948,,69 Street,57 Suite,Falls Church,VA,90210,US,Test3
Übermensch949,,Nietzsche949,Friedrich949,,70 Street,58 Suite,Falls Church,VA,90210,US,Test1
Übermensch950,,Nietzsche950,Friedrich950,,70 Street,58 Suite,Falls Church,VA,90210,US,Test2
Übermensch951,,Nietzsche951,Friedrich951,,70 Street,58 Suite,Falls Church,VA,90210,US,Test3
Übermensch952,,Nietzsche952,Friedrich952,,70 Street,58 Suite,Falls Church,VA,90210,US,Test1
Übermensch953,,Nietzsche953,Friedrich953,,70 Street,58 Suite,Falls Church,VA,90210,US,Test2
Übermensch954,,Nietzsche954,Friedrich954,,70 Street,58 Suite,Falls Church,VA,90210,US,Test3
Übermensch955,,Nietzsche955,Friedrich955,,70 Street,58 Suite,Falls Church,VA,90210,US,Test1
Übermensch956,,Nietzsche956,Friedrich956,,70 Street,58 Suite,Falls Church,VA,90210,US,Test2
Übermensch957,,Nietzsche957,Friedrich957,,70 Street,58 Suite,Falls Church,VA,90210,US,Test3
Übermensch958,,Nietzsche958,Friedrich958,,70 Street,58 Suite,Falls Church,VA,90210,US,Test1
Übermensch959,,Nietzsche959,Friedrich959,,70 Street,58 Suite,Falls Church,VA,90210,US,Test2
Übermensch960,,Nietzsche960,Friedrich960,,70 Street,58 Suite,Falls Church,VA,90210,US,Test3
Übermensch961,,Nietzsche961,Friedrich961,,70 Street,58 Suite,Falls Church,VA,90210,US,Test1
Übermensch962,,Nietzsche962,Friedrich962,,70 Street,58 Suite,Falls Church,VA,90210,US,Test2
Übermensch963,,Nietzsche963,Friedrich963,,70 Street,58 Suite,Falls Church,VA,90210,US,Test3
Übermensch964,,Nietzsche964,Friedrich964,,70 Street,58 Suite,Falls Church,VA,90210,US,Test1
Übermensch965,,Nietzsche965,Friedrich965,,70 Street,58 Suite,Falls Church,VA,90210,US,Test2
Übermensch966,,Nietzsche966,Friedrich966,,70 Street,58 Suite,Falls Church,VA,90210,US,Test3
Übermensch967,,Nietzsche967,Friedrich967,,70 Street,58 Suite,Falls Church,VA,90210,US,Test1
Übermensch968,,Nietzsche968,Friedrich968,,70 Street,58 Suite,Falls Church,VA,90210,US,Test2
Übermensch969,,Nietzsche969,Friedrich969,,70 Street,58 Suite,Falls Church,VA,90210,US,Test3
Übermensch970,,Nietzsche970,Friedrich970,,70 Street,58 Suite,Falls Church,VA,90210,US,Test1
Übermensch971,,Nietzsche971,Friedrich971,,70 Street,58 Suite,Falls Church,VA,90210,US,Test2
Übermensch972,,Nietzsche972,Friedrich972,,70 Street,58 Suite,Falls Church,VA,90210,US,Test3
Übermensch973,,Nietzsche973,Friedrich973,,70 Street,58 Suite,Falls Church,VA,90210,US,Test1
Übermensch974,,Nietzsche974,Friedrich974,,70 Street,58 Suite,Falls Church,VA,90210,US,Test2
Übermensch975,,Nietzsche975,Friedrich975,,70 Street,58 Suite,Falls Church,VA,90210,US,Test3
Übermensch976,,Nietzsche976,Friedrich976,,70 Street,58 Suite,Falls Church,VA,90210,US,Test1
Übermensch977,,Nietzsche977,Friedrich977,,70 Street,58 Suite,Falls Church,VA,90210,US,Test2
Übermensch978,,Nietzsche978,Friedrich978,,71 Street,59 Suite,Falls Church,VA,90210,US,Test3
Übermensch979,,Nietzsche979,Friedrich979,,71 Street,59 Suite,Falls Church,VA,90210,US,Test1
Übermensch980,,Nietzsche980,Friedrich980,,71 Street,59 Suite,Falls Church,VA,90210,US,Test2
Übermensch981,,Nietzsche981,Friedrich981,,71 Street,59 Suite,Falls Church,VA,90210,US,Test3
Übermensch982,,Nietzsche982,Friedrich982,,71 Street,59 Suite,Falls Church,VA,90210,US,Test1
Übermensch983,,Nietzsche983,Friedrich983,,71 Street,59 Suite,Falls Church,VA,90210,US,Test2
Übermensch984,,Nietzsche984,Friedrich984,,71 Street,59 Suite,Falls Church,VA,90210,US,Test3
Übermensch985,,Nietzsche985,Friedrich985,,71 Street,59 Suite,Falls Church,VA,90210,US,Test1
Übermensch986,,Nietzsche986,Friedrich986,,71 Street,59 Suite,Falls Church,VA,90210,US,Test2
Übermensch987,,Nietzsche987,Friedrich987,,71 Street,59 Suite,Falls Church,VA,90210,US,Test3
Übermensch988,,Nietzsche988,Friedrich988,,71 Street,59 Suite,Falls Church,VA,90210,US,Test1
Übermensch989,,Nietzsche989,Friedrich989,,71 Street,59 Suite,Falls Church,VA,90210,US,Test2
Übermensch990,,Nietzsche990,Friedrich990,,71 Street,59 Suite,Falls Church,VA,90210,US,Test3
Übermensch991,,Nietzsche991,Friedrich991,,71 Street,59 Suite,Falls Church,VA,90210,US,Test1
Übermensch992,,Nietzsche992,Friedrich992,,71 Street,59 Suite,Falls Church,VA,90210,US,Test2
Übermensch993,,Nietzsche993,Friedrich993,,71 Street,59 Suite,Falls Church,VA,90210,US,Test3
Übermensch994,,Nietzsche994,Friedrich994,,71 Street,59 Suite,Falls Church,VA,90210,US,Test1
Übermensch995,,Nietzsche995,Friedrich995,,71 Street,59 Suite,Falls Church,VA,90210,US,Test2
Übermensch996,,Nietzsche996,Friedrich996,,71 Street,59 Suite,Falls Church,VA,90210,US,Test3
Übermensch997,,Nietzsche997,Friedrich997,,71 Street,59 Suite,Falls Church,VA,90210,US,Test1
Übermensch998,,Nietzsche998,Friedrich998,,71 Street,59 Suite,Falls Church,VA,90210,US,Test2
Übermensch999,,Nietzsche999,Friedrich999,,71 Street,59 Suite,Falls Church,VA,90210,US,Test3
Übermensch1000,,Nietzsche1000,Friedrich1000,,71 Street,59 Suite,Falls Church,VA,90210,US,Test1
